<?xml version="1.0" encoding="UTF-8"?>
<SOAConfigPlan xmlns:jca="http://platform.integration.oracle/blocks/adapter/fw/metadata" xmlns:wsp="http://schemas.xmlsoap.org/ws/2004/09/policy" xmlns:orawsp="http://schemas.oracle.com/ws/2006/01/policy" xmlns:edl="http://schemas.oracle.com/events/edl" xmlns="http://schemas.oracle.com/soa/configplan">
   <composite name="DashboardServices">
      <!--Add search and replace rules for the import section of a composite
	Example:
	<searchReplace>
		<search>http://my-dev-server</search>
		<replace>http://my-test-server</replace>
	<searchReplace>
	<searchReplace>
		<search>8888</search>
		<replace>8889</replace>
	<searchReplace>-->
      <import>
         <searchReplace>
            <search/>
            <replace/>
         </searchReplace>
      </import>
      <service name="FetchDashboardSOAPService">
         <!--Add search and replace rules for the binding properties-->
         <binding type="ws">
            <attribute name="port">
               <replace>http://oracle.com/sca/soapservice/AtradiusUtilityApplication/DashboardServices/FetchDashboardSOAPService#wsdl.endpoint(FetchDashboardSOAPService/execute_pt)</replace>
            </attribute>
            <property name="weblogic.wsee.wsat.transaction.flowOption">
               <replace>NEVER</replace>
            </property>
         </binding>
      </service>
      <property name="productVersion">
         <replace>12.2.1.2.0.161003</replace>
      </property>
      <property name="compositeID">
         <replace>54ea1ba0-19d6-496b-be09-70cc0e8f8701</replace>
      </property>
      <!--Add search and replace rules for the component properties
	For components and service/reference bindings, you can add policy references.
	Example:
	<component name="*">
		<wsp:PolicyReference orawsp:category="management" orawsp:status="enabled" URI="oracle/log_policy"/>
	</component>-->
      <component name="DashboardServicesBPELProcess">
         <property name="bpel.config.transaction">
            <replace>required</replace>
         </property>
         <property name="bpel.config.oneWayDeliveryPolicy">
            <replace>async.persist</replace>
         </property>
      </component>
      <reference name="QueryTaskServiceSOAPReference">
         <!--Add search and replace rules for the binding properties-->
         <binding type="ws">
            <attribute name="port">
               <replace>http://xmlns.oracle.com/bpel/workflow/taskQueryService#wsdl.endpoint(TaskQueryService/TaskQueryServicePort)</replace>
            </attribute>
            <attribute name="location">
               <replace>http://184.170.237.13:7005/integration/services/TaskQueryService/TaskQueryService?wsdl</replace>
            </attribute>
            <property name="weblogic.wsee.wsat.transaction.flowOption">
               <replace>WSDLDriven</replace>
            </property>
         </binding>
         <binding type="ws">
            <attribute name="port">
               <replace>http://xmlns.oracle.com/bpel/workflow/taskQueryService#wsdl.endpoint(TaskQueryService/TaskQueryServicePortSAML)</replace>
            </attribute>
            <attribute name="location">
               <replace>http://184.170.237.13:7005/integration/services/TaskQueryService/TaskQueryService?wsdl</replace>
            </attribute>
            <property name="weblogic.wsee.wsat.transaction.flowOption">
               <replace>WSDLDriven</replace>
            </property>
         </binding>
      </reference>
      <reference name="dbReference_Users">
         <property name="jca.retry.count">
            <replace>4</replace>
         </property>
         <property name="jca.retry.interval">
            <replace>1</replace>
         </property>
         <property name="jca.retry.backoff">
            <replace>2</replace>
         </property>
         <property name="jca.retry.maxInterval">
            <replace>120</replace>
         </property>
         <binding type="jca"/>
      </reference>
   </composite>
   <!--To configure monitor.config: 
	<property name="enabled"><replace>true</replace></property>
	<property name="dataObjectsFolder"><searchReplace><search>mydev</search><replace>myproduction</replace></searchReplace></property>
	
	sample properties to configure for adapter: 
	<jca:property name="QueueName"><replace>medmq1</replace></jca:property>
	
	To add search and replace rules for wsdls, xsd and jca files
	Example:
	<searchReplace>
		<search>http://my-dev-server</search>
		<replace>http://my-test-server</replace>
	<searchReplace>
	<searchReplace>
		<search>8888</search>
		<replace>8889</replace>
	<searchReplace>
	-->
   <wsdlAndSchema name="Adapters/dbReference_db.jca|Adapters/dbReference_Users_db.jca|Schemas/DashboardServiceBPELProcess.xsd|Schemas/dbReference.xsd|Schemas/dbReference_2.xsd|Schemas/dbReference_Users_table.xsd|Schemas/TaskQueryService_XSD_TaskEvidenceService.xsd|Schemas/TaskQueryService_XSD_TaskQuery.xsd|Schemas/TaskQueryService_XSD_TaskQueryService.xsd|Schemas/TaskQueryService_XSD_TaskSequenceChanges.xsd|Schemas/TaskQueryService_XSD_UserMetadata.xsd|Schemas/TaskQueryService_XSD_WorkflowCommon.xsd|Schemas/TaskQueryService_XSD_WorkflowTask.xsd|Schemas/TaskQueryService_XSD_WorkflowTaskError.xsd|Schemas/TaxDutyBond.xsd|WSDLs/dbReference.wsdl|WSDLs/dbReference_Users.wsdl|WSDLs/FetchDashboardSOAPService.wsdl|WSDLs/FetchDashboardSOAPServiceWrapper.wsdl|WSDLs/TaskQueryService.wsdl|WSDLs/TaskQueryServiceWrapper.wsdl|WSDLs/TaskQueryService_WSDL_TaskQueryServiceInterface.wsdl">
      <searchReplace>
         <search/>
         <replace/>
      </searchReplace>
   </wsdlAndSchema>
</SOAConfigPlan>
