<?xml version="1.0" encoding="UTF-8" ?>
<!-- Generated by Oracle SOA Modeler version 12.2.1.2.0.161003 at [8/25/17 3:09 PM]. -->
<composite name="DashboardServices"
           revision="1.3"
           label="2017-08-25_15-09-00_516"
           mode="active"
           state="on"
           xmlns="http://xmlns.oracle.com/sca/1.0"
           xmlns:xs="http://www.w3.org/2001/XMLSchema"
           xmlns:wsp="http://schemas.xmlsoap.org/ws/2004/09/policy"
           xmlns:orawsp="http://schemas.oracle.com/ws/2006/01/policy"
           xmlns:ui="http://xmlns.oracle.com/soa/designer/"
           xmlns:sca-ext="http://xmlns.oracle.com/sca/1.0-ext">
  <import namespace="http://oracle.com/sca/soapservice/AtradiusUtilityApplication/DashboardServices/FetchDashboardSOAPService"
          location="WSDLs/FetchDashboardSOAPService.wsdl" importType="wsdl"/>
  <import namespace="http://oracle.com/sca/soapservice/AtradiusUtilityApplication/DashboardServices/FetchDashboardSOAPService"
          location="WSDLs/FetchDashboardSOAPServiceWrapper.wsdl" importType="wsdl"/>
  <import namespace="http://xmlns.oracle.com/bpel/workflow/taskQueryService" location="WSDLs/TaskQueryService.wsdl"
          importType="wsdl"/>
  <import namespace="http://xmlns.oracle.com/bpel/workflow/taskQueryService"
          location="WSDLs/TaskQueryServiceWrapper.wsdl" importType="wsdl"/>
  <import namespace="http://xmlns.oracle.com/pcbpel/adapter/db/AtradiusUtilityApplication/DashboardServices/dbReference"
          location="WSDLs/dbReference.wsdl" importType="wsdl"/>
  <import namespace="http://xmlns.oracle.com/pcbpel/adapter/db/AtradiusUtilityApplication/DashboardServices/dbReference_Users"
          location="WSDLs/dbReference_Users.wsdl" importType="wsdl"/>
  <service name="FetchDashboardSOAPService" ui:wsdlLocation="WSDLs/FetchDashboardSOAPService.wsdl">
    <interface.wsdl interface="http://oracle.com/sca/soapservice/AtradiusUtilityApplication/DashboardServices/FetchDashboardSOAPService#wsdl.interface(execute_ptt)"/>
    <binding.ws port="http://oracle.com/sca/soapservice/AtradiusUtilityApplication/DashboardServices/FetchDashboardSOAPService#wsdl.endpoint(FetchDashboardSOAPService/execute_pt)">
      <property name="weblogic.wsee.wsat.transaction.flowOption" type="xs:string" many="false">NEVER</property>
    </binding.ws>
  </service>
  <property name="productVersion" type="xs:string" many="false">12.2.1.2.0.161003</property>
  <property name="compositeID" type="xs:string" many="false">54ea1ba0-19d6-496b-be09-70cc0e8f8701</property>
  <component name="DashboardServicesBPELProcess" version="2.0">
    <implementation.bpel src="BPEL/DashboardServicesBPELProcess.bpel"/>
    <componentType>
      <service name="FetchDashboardSOAPService" ui:wsdlLocation="WSDLs/FetchDashboardSOAPServiceWrapper.wsdl">
        <interface.wsdl interface="http://oracle.com/sca/soapservice/AtradiusUtilityApplication/DashboardServices/FetchDashboardSOAPService#wsdl.interface(execute_ptt)"/>
      </service>
      <reference name="QueryTaskServiceSOAPReference" ui:wsdlLocation="WSDLs/TaskQueryServiceWrapper.wsdl">
        <interface.wsdl interface="http://xmlns.oracle.com/bpel/workflow/taskQueryService#wsdl.interface(TaskQueryService)"/>
      </reference>
      <reference name="dbReference_Users" ui:wsdlLocation="WSDLs/dbReference_Users.wsdl">
        <interface.wsdl interface="http://xmlns.oracle.com/pcbpel/adapter/db/AtradiusUtilityApplication/DashboardServices/dbReference_Users#wsdl.interface(dbReference_Users_ptt)"/>
      </reference>
    </componentType>
    <property name="bpel.config.transaction" type="xs:string" many="false">required</property>
    <property name="bpel.config.oneWayDeliveryPolicy" type="xs:string" many="false">async.persist</property>
  </component>
  <reference name="QueryTaskServiceSOAPReference" ui:wsdlLocation="WSDLs/TaskQueryService.wsdl">
    <interface.wsdl interface="http://xmlns.oracle.com/bpel/workflow/taskQueryService#wsdl.interface(TaskQueryService)"/>
    <binding.ws port="http://xmlns.oracle.com/bpel/workflow/taskQueryService#wsdl.endpoint(TaskQueryService/TaskQueryServicePort)"
                location="http://184.170.237.13:7005/integration/services/TaskQueryService/TaskQueryService?wsdl"
                soapVersion="1.1">
      <property name="weblogic.wsee.wsat.transaction.flowOption" type="xs:string" many="false">WSDLDriven</property>
    </binding.ws>
    <binding.ws port="http://xmlns.oracle.com/bpel/workflow/taskQueryService#wsdl.endpoint(TaskQueryService/TaskQueryServicePortSAML)"
                location="http://184.170.237.13:7005/integration/services/TaskQueryService/TaskQueryService?wsdl"
                soapVersion="1.1">
      <property name="weblogic.wsee.wsat.transaction.flowOption" type="xs:string" many="false">WSDLDriven</property>
    </binding.ws>
  </reference>
  <reference name="dbReference_Users" ui:wsdlLocation="WSDLs/dbReference_Users.wsdl">
    <interface.wsdl interface="http://xmlns.oracle.com/pcbpel/adapter/db/AtradiusUtilityApplication/DashboardServices/dbReference_Users#wsdl.interface(dbReference_Users_ptt)"/>
    <binding.jca config="Adapters/dbReference_Users_db.jca"/>
    <property name="jca.retry.count" type="xs:int" many="false" override="may">4</property>
    <property name="jca.retry.interval" type="xs:int" many="false" override="may">1</property>
    <property name="jca.retry.backoff" type="xs:int" many="false" override="may">2</property>
    <property name="jca.retry.maxInterval" type="xs:int" many="false" override="may">120</property>
  </reference>
  <wire>
    <source.uri>FetchDashboardSOAPService</source.uri>
    <target.uri>DashboardServicesBPELProcess/FetchDashboardSOAPService</target.uri>
  </wire>
  <wire>
    <source.uri>DashboardServicesBPELProcess/QueryTaskServiceSOAPReference</source.uri>
    <target.uri>QueryTaskServiceSOAPReference</target.uri>
  </wire>
  <wire>
    <source.uri>DashboardServicesBPELProcess/dbReference_Users</source.uri>
    <target.uri>dbReference_Users</target.uri>
  </wire>
</composite>
