<?xml version = '1.0' encoding = 'UTF-8'?>
<!-- Generated by Oracle SOA Modeler version 12.2.1.2.0.161003 at [8/21/17 8:18 PM]. -->
<composite name="BondingPrototypeProject" revision="1.6" label="2017-08-21_20-18-43_272" mode="active" state="on" ui:customizable="true" xmlns="http://xmlns.oracle.com/sca/1.0" xmlns:xs="http://www.w3.org/2001/XMLSchema" xmlns:wsp="http://schemas.xmlsoap.org/ws/2004/09/policy" xmlns:orawsp="http://schemas.oracle.com/ws/2006/01/policy" xmlns:ui="http://xmlns.oracle.com/soa/designer/" xmlns:sca-ext="http://xmlns.oracle.com/sca/1.0-ext" xml:id="id_1">
  <import namespace="http://xmlns.oracle.com/bpmn/bpmnProcess/RequestNewBondProcess"
          location="WSDLs/RequestNewBondProcess.wsdl" importType="wsdl" xml:id="id_9"/>
  <import namespace="http://xmlns.oracle.com/bpmn/bpmnProcess/IssueTaxDutyBondProcess"
          location="WSDLs/IssueTaxDutyBondProcess.wsdl" importType="wsdl" xml:id="id_71"/>
  <import namespace="http://xmlns.oracle.com/bpel/workflow/taskService"
          location="oramds:/soa/shared/workflow/TaskServiceInterface.wsdl" importType="wsdl" xml:id="id_198"/>
  <import namespace="http://xmlns.oracle.com/TaxDutyBondApplication/ProductReviewLimitProject/GetProductReviewLimitBPELProcess"
          location="WSDLs/getproductreviewlimitbpelprocess_client_ep.wsdl" importType="wsdl" xml:id="id_840"/>
  <import namespace="http://xmlns.oracle.com/TaxDutyBondApplication/ProductReviewLimitProject/GetProductReviewLimitBPELProcess"
          location="http://184.170.237.13:7005/soa-infra/services/default/ProductReviewLimitProject!1.0/WSDLs/GetProductReviewLimitBPELProcess.wsdl"
          importType="wsdl" xml:id="id_853"/>
  <import namespace="http://xmlns.oracle.com/TaxDutyBondApplication/BondProdSubLimitProject/BondProdSubLimitBPELProcess"
          location="WSDLs/bondprodsublimitbpelprocess_client_ep.wsdl" importType="wsdl" xml:id="id_1079"/>
  <import namespace="http://xmlns.oracle.com/TaxDutyBondApplication/BondProdSubLimitProject/BondProdSubLimitBPELProcess"
          location="http://184.170.237.13:7005/soa-infra/services/default/BondProdSubLimitProject!1.0/WSDLs/BondProdSubLimitBPELProcess.wsdl"
          importType="wsdl" xml:id="id_1099"/>
  <import namespace="http://xmlns.oracle.com/TaxDutyBondApplication/BondStatusUpdateProject/BondStatusUpdateBPELProcess"
          location="http://184.170.237.13:7005/soa-infra/services/default/BondStatusUpdateProject!1.0/WSDLs/BondStatusUpdateBPELProcess.wsdl"
          importType="wsdl" xml:id="id_1144"/>
  <service name="RequestNewBondProcess.service" ui:wsdlLocation="WSDLs/RequestNewBondProcess.wsdl" xml:id="id_257">
    <interface.wsdl interface="http://xmlns.oracle.com/bpmn/bpmnProcess/RequestNewBondProcess#wsdl.interface(RequestNewBondProcessPortType)"
                    xml:id="id_258"/>
    <binding.ws port="http://xmlns.oracle.com/bpmn/bpmnProcess/RequestNewBondProcess#wsdl.endpoint(RequestNewBondProcess.service/RequestNewBondProcessPort)"
                xml:id="id_259"/>
  </service>
  <service name="IssueTaxDutyBondProcess.service" ui:wsdlLocation="WSDLs/IssueTaxDutyBondProcess.wsdl" xml:id="id_1935">
    <interface.wsdl interface="http://xmlns.oracle.com/bpmn/bpmnProcess/IssueTaxDutyBondProcess#wsdl.interface(IssueTaxDutyBondProcessPortType)"
                    callbackInterface="http://xmlns.oracle.com/bpmn/bpmnProcess/IssueTaxDutyBondProcess#wsdl.interface(IssueTaxDutyBondProcessPortTypeCallBack)"
                    xml:id="id_1936"/>
    <binding.ws port="http://xmlns.oracle.com/bpmn/bpmnProcess/IssueTaxDutyBondProcess#wsdl.endpoint(IssueTaxDutyBondProcess.service/IssueTaxDutyBondProcessPort)"
                xml:id="id_1937"/>
    <callback xml:id="id_1938">
      <binding.ws port="http://xmlns.oracle.com/bpmn/bpmnProcess/IssueTaxDutyBondProcess#wsdl.endpoint(IssueTaxDutyBondProcess.service/IssueTaxDutyBondProcessPortTypeCallBack_pt)"
                  xml:id="id_1939"/>
    </callback>
  </service>
  <property name="productVersion" type="xs:string" many="false" xml:id="id_2">12.2.1.2.0.161003</property>
  <property name="compositeID" type="xs:string" many="false" xml:id="id_3">95ce85b2-f0f6-4870-bec2-7ffac7242e84</property>
  <component name="RequestNewBondProcess" xml:id="id_4">
    <implementation.bpmn src="processes/RequestNewBondProcess.bpmn" xml:id="id_5"/>
    <componentType xml:id="id_6">
      <service name="RequestNewBondProcess.service" ui:wsdlLocation="WSDLs/RequestNewBondProcess.wsdl" xml:id="id_7">
        <interface.wsdl interface="http://xmlns.oracle.com/bpmn/bpmnProcess/RequestNewBondProcess#wsdl.interface(RequestNewBondProcessPortType)"
                        xml:id="id_8"/>
        <property name="bpm.generated.service.reference" type="xs:string" many="false" xml:id="id_256">RequestNewBondProcess.service</property>
      </service>
      <reference name="IssueTaxDutyBondProcess.reference" ui:wsdlLocation="WSDLs/IssueTaxDutyBondProcess.wsdl"
                 xml:id="id_104">
        <interface.wsdl interface="http://xmlns.oracle.com/bpmn/bpmnProcess/IssueTaxDutyBondProcess#wsdl.interface(IssueTaxDutyBondProcessPortType)"
                        callbackInterface="http://xmlns.oracle.com/bpmn/bpmnProcess/IssueTaxDutyBondProcess#wsdl.interface(IssueTaxDutyBondProcessPortTypeCallBack)"
                        xml:id="id_105"/>
      </reference>
    </componentType>
  </component>
  <component name="IssueTaxDutyBondProcess" xml:id="id_66">
    <implementation.bpmn src="processes/IssueTaxDutyBondProcess.bpmn" xml:id="id_67"/>
    <componentType xml:id="id_68">
      <service name="IssueTaxDutyBondProcess.service" ui:wsdlLocation="WSDLs/IssueTaxDutyBondProcess.wsdl"
               xml:id="id_69">
        <interface.wsdl interface="http://xmlns.oracle.com/bpmn/bpmnProcess/IssueTaxDutyBondProcess#wsdl.interface(IssueTaxDutyBondProcessPortType)"
                        callbackInterface="http://xmlns.oracle.com/bpmn/bpmnProcess/IssueTaxDutyBondProcess#wsdl.interface(IssueTaxDutyBondProcessPortTypeCallBack)"
                        xml:id="id_70"/>
        <property name="bpm.generated.service.reference" type="xs:string" many="false" xml:id="id_1934">IssueTaxDutyBondProcess.service</property>
      </service>
      <reference name="HumanTasks.CustomerRequest.reference"
                 ui:wsdlLocation="oramds:/soa/shared/workflow/TaskServiceInterface.wsdl" xml:id="id_208">
        <interface.wsdl interface="http://xmlns.oracle.com/bpel/workflow/taskService#wsdl.interface(TaskService)"
                        callbackInterface="http://xmlns.oracle.com/bpel/workflow/taskService#wsdl.interface(TaskServiceCallback)"
                        xml:id="id_209"/>
      </reference>
      <reference name="HumanTasks.FUWReview.reference"
                 ui:wsdlLocation="oramds:/soa/shared/workflow/TaskServiceInterface.wsdl" xml:id="id_331">
        <interface.wsdl interface="http://xmlns.oracle.com/bpel/workflow/taskService#wsdl.interface(TaskService)"
                        callbackInterface="http://xmlns.oracle.com/bpel/workflow/taskService#wsdl.interface(TaskServiceCallback)"
                        xml:id="id_332"/>
      </reference>
      <reference name="HumanTasks.SeniorFUWAnalysis.reference"
                 ui:wsdlLocation="oramds:/soa/shared/workflow/TaskServiceInterface.wsdl" xml:id="id_422">
        <interface.wsdl interface="http://xmlns.oracle.com/bpel/workflow/taskService#wsdl.interface(TaskService)"
                        callbackInterface="http://xmlns.oracle.com/bpel/workflow/taskService#wsdl.interface(TaskServiceCallback)"
                        xml:id="id_423"/>
      </reference>
      <reference name="HumanTasks.TUWAnalysis.reference"
                 ui:wsdlLocation="oramds:/soa/shared/workflow/TaskServiceInterface.wsdl" xml:id="id_576">
        <interface.wsdl interface="http://xmlns.oracle.com/bpel/workflow/taskService#wsdl.interface(TaskService)"
                        callbackInterface="http://xmlns.oracle.com/bpel/workflow/taskService#wsdl.interface(TaskServiceCallback)"
                        xml:id="id_577"/>
      </reference>
      <reference name="Services.Externals.GetProductReviewLimit.reference"
                 ui:wsdlLocation="http://184.170.237.13:7005/soa-infra/services/default/ProductReviewLimitProject!1.0/WSDLs/GetProductReviewLimitBPELProcess.wsdl"
                 xml:id="id_851">
        <interface.wsdl interface="http://xmlns.oracle.com/TaxDutyBondApplication/ProductReviewLimitProject/GetProductReviewLimitBPELProcess#wsdl.interface(GetProductReviewLimitBPELProcess)"
                        xml:id="id_852"/>
      </reference>
      <reference name="HumanTasks.CustomerSignBond.reference"
                 ui:wsdlLocation="oramds:/soa/shared/workflow/TaskServiceInterface.wsdl" xml:id="id_988">
        <interface.wsdl interface="http://xmlns.oracle.com/bpel/workflow/taskService#wsdl.interface(TaskService)"
                        callbackInterface="http://xmlns.oracle.com/bpel/workflow/taskService#wsdl.interface(TaskServiceCallback)"
                        xml:id="id_989"/>
      </reference>
      <reference name="Services.Externals.GetProductBLSublimit.reference"
                 ui:wsdlLocation="http://184.170.237.13:7005/soa-infra/services/default/BondProdSubLimitProject!1.0/WSDLs/BondProdSubLimitBPELProcess.wsdl"
                 xml:id="id_1100">
        <interface.wsdl interface="http://xmlns.oracle.com/TaxDutyBondApplication/BondProdSubLimitProject/BondProdSubLimitBPELProcess#wsdl.interface(BondProdSubLimitBPELProcess)"
                        xml:id="id_1101"/>
      </reference>
      <reference name="Services.Externals.UpdateBondStatus.reference"
                 ui:wsdlLocation="http://184.170.237.13:7005/soa-infra/services/default/BondStatusUpdateProject!1.0/WSDLs/BondStatusUpdateBPELProcess.wsdl"
                 xml:id="id_1164">
        <interface.wsdl interface="http://xmlns.oracle.com/TaxDutyBondApplication/BondStatusUpdateProject/BondStatusUpdateBPELProcess#wsdl.interface(BondStatusUpdateBPELProcess)"
                        xml:id="id_1165"/>
      </reference>
    </componentType>
  </component>
  <component name="CustomerRequest" xml:id="id_193">
    <implementation.workflow src="HumanTasks/CustomerRequest.task" xml:id="id_194"/>
    <componentType xml:id="id_195">
      <service name="TaskService" ui:wsdlLocation="oramds:/soa/shared/workflow/TaskServiceInterface.wsdl"
               xml:id="id_196">
        <interface.wsdl interface="http://xmlns.oracle.com/bpel/workflow/taskService#wsdl.interface(TaskService)"
                        callbackInterface="http://xmlns.oracle.com/bpel/workflow/taskService#wsdl.interface(TaskServiceCallback)"
                        xml:id="id_197"/>
      </service>
    </componentType>
  </component>
  <component name="FUWReview" xml:id="id_317">
    <implementation.workflow src="HumanTasks/FUWReview.task" xml:id="id_318"/>
    <componentType xml:id="id_319">
      <service name="TaskService" ui:wsdlLocation="oramds:/soa/shared/workflow/TaskServiceInterface.wsdl"
               xml:id="id_320">
        <interface.wsdl interface="http://xmlns.oracle.com/bpel/workflow/taskService#wsdl.interface(TaskService)"
                        callbackInterface="http://xmlns.oracle.com/bpel/workflow/taskService#wsdl.interface(TaskServiceCallback)"
                        xml:id="id_321"/>
      </service>
    </componentType>
  </component>
  <component name="SeniorFUWAnalysis" xml:id="id_408">
    <implementation.workflow src="HumanTasks/SeniorFUWAnalysis.task" xml:id="id_409"/>
    <componentType xml:id="id_410">
      <service name="TaskService" ui:wsdlLocation="oramds:/soa/shared/workflow/TaskServiceInterface.wsdl"
               xml:id="id_411">
        <interface.wsdl interface="http://xmlns.oracle.com/bpel/workflow/taskService#wsdl.interface(TaskService)"
                        callbackInterface="http://xmlns.oracle.com/bpel/workflow/taskService#wsdl.interface(TaskServiceCallback)"
                        xml:id="id_412"/>
      </service>
    </componentType>
  </component>
  <component name="TUWAnalysis" xml:id="id_562">
    <implementation.workflow src="HumanTasks/TUWAnalysis.task" xml:id="id_563"/>
    <componentType xml:id="id_564">
      <service name="TaskService" ui:wsdlLocation="oramds:/soa/shared/workflow/TaskServiceInterface.wsdl"
               xml:id="id_565">
        <interface.wsdl interface="http://xmlns.oracle.com/bpel/workflow/taskService#wsdl.interface(TaskService)"
                        callbackInterface="http://xmlns.oracle.com/bpel/workflow/taskService#wsdl.interface(TaskServiceCallback)"
                        xml:id="id_566"/>
      </service>
    </componentType>
  </component>
  <component name="CustomerSignBond" xml:id="id_974">
    <implementation.workflow src="HumanTasks/CustomerSignBond.task" xml:id="id_975"/>
    <componentType xml:id="id_976">
      <service name="TaskService" ui:wsdlLocation="oramds:/soa/shared/workflow/TaskServiceInterface.wsdl"
               xml:id="id_977">
        <interface.wsdl interface="http://xmlns.oracle.com/bpel/workflow/taskService#wsdl.interface(TaskService)"
                        callbackInterface="http://xmlns.oracle.com/bpel/workflow/taskService#wsdl.interface(TaskServiceCallback)"
                        xml:id="id_978"/>
      </service>
    </componentType>
  </component>
  <reference name="GetProductReviewLimit" ui:wsdlLocation="WSDLs/getproductreviewlimitbpelprocess_client_ep.wsdl"
             xml:id="id_837">
    <interface.wsdl interface="http://xmlns.oracle.com/TaxDutyBondApplication/ProductReviewLimitProject/GetProductReviewLimitBPELProcess#wsdl.interface(GetProductReviewLimitBPELProcess)"
                    xml:id="id_838"/>
    <binding.ws port="http://xmlns.oracle.com/TaxDutyBondApplication/ProductReviewLimitProject/GetProductReviewLimitBPELProcess#wsdl.endpoint(getproductreviewlimitbpelprocess_client_ep/GetProductReviewLimitBPELProcess_pt)"
                location="http://184.170.237.13:7005/soa-infra/services/default/ProductReviewLimitProject/getproductreviewlimitbpelprocess_client_ep?WSDL"
                soapVersion="1.1" xml:id="id_839">
      <property name="weblogic.wsee.wsat.transaction.flowOption" type="xs:string" many="false" xml:id="id_841">WSDLDriven</property>
    </binding.ws>
  </reference>
  <reference name="GetProductBLSublimit" ui:wsdlLocation="WSDLs/bondprodsublimitbpelprocess_client_ep.wsdl"
             xml:id="id_1076">
    <interface.wsdl interface="http://xmlns.oracle.com/TaxDutyBondApplication/BondProdSubLimitProject/BondProdSubLimitBPELProcess#wsdl.interface(BondProdSubLimitBPELProcess)"
                    xml:id="id_1077"/>
    <binding.ws port="http://xmlns.oracle.com/TaxDutyBondApplication/BondProdSubLimitProject/BondProdSubLimitBPELProcess#wsdl.endpoint(bondprodsublimitbpelprocess_client_ep/BondProdSubLimitBPELProcess_pt)"
                location="http://184.170.237.13:7005/soa-infra/services/default/BondProdSubLimitProject/bondprodsublimitbpelprocess_client_ep?WSDL"
                soapVersion="1.1" xml:id="id_1078">
      <property name="weblogic.wsee.wsat.transaction.flowOption" type="xs:string" many="false" xml:id="id_1080">WSDLDriven</property>
    </binding.ws>
  </reference>
  <reference name="UpdateBondStatus"
             ui:wsdlLocation="http://184.170.237.13:7005/soa-infra/services/default/BondStatusUpdateProject!1.0/WSDLs/BondStatusUpdateBPELProcess.wsdl"
             xml:id="id_1141">
    <interface.wsdl interface="http://xmlns.oracle.com/TaxDutyBondApplication/BondStatusUpdateProject/BondStatusUpdateBPELProcess#wsdl.interface(BondStatusUpdateBPELProcess)"
                    xml:id="id_1142"/>
    <binding.ws port="http://xmlns.oracle.com/TaxDutyBondApplication/BondStatusUpdateProject/BondStatusUpdateBPELProcess#wsdl.endpoint(bondstatusupdatebpelprocess_client_ep/BondStatusUpdateBPELProcess_pt)"
                location="http://184.170.237.13:7005/soa-infra/services/default/BondStatusUpdateProject/bondstatusupdatebpelprocess_client_ep?WSDL"
                soapVersion="1.1" xml:id="id_1143">
      <property name="weblogic.wsee.wsat.transaction.flowOption" type="xs:string" many="false" xml:id="id_1145">WSDLDriven</property>
    </binding.ws>
  </reference>
  <wire xml:id="id_106">
    <source.uri xml:id="id_107">RequestNewBondProcess/IssueTaxDutyBondProcess.reference</source.uri>
    <target.uri xml:id="id_108">IssueTaxDutyBondProcess/IssueTaxDutyBondProcess.service</target.uri>
  </wire>
  <wire xml:id="id_210">
    <source.uri xml:id="id_211">IssueTaxDutyBondProcess/HumanTasks.CustomerRequest.reference</source.uri>
    <target.uri xml:id="id_212">CustomerRequest/TaskService</target.uri>
  </wire>
  <wire xml:id="id_260">
    <source.uri xml:id="id_261">RequestNewBondProcess.service</source.uri>
    <target.uri xml:id="id_262">RequestNewBondProcess/RequestNewBondProcess.service</target.uri>
  </wire>
  <wire xml:id="id_333">
    <source.uri xml:id="id_334">IssueTaxDutyBondProcess/HumanTasks.FUWReview.reference</source.uri>
    <target.uri xml:id="id_335">FUWReview/TaskService</target.uri>
  </wire>
  <wire xml:id="id_424">
    <source.uri xml:id="id_425">IssueTaxDutyBondProcess/HumanTasks.SeniorFUWAnalysis.reference</source.uri>
    <target.uri xml:id="id_426">SeniorFUWAnalysis/TaskService</target.uri>
  </wire>
  <wire xml:id="id_578">
    <source.uri xml:id="id_579">IssueTaxDutyBondProcess/HumanTasks.TUWAnalysis.reference</source.uri>
    <target.uri xml:id="id_580">TUWAnalysis/TaskService</target.uri>
  </wire>
  <wire xml:id="id_854">
    <source.uri xml:id="id_855">IssueTaxDutyBondProcess/Services.Externals.GetProductReviewLimit.reference</source.uri>
    <target.uri xml:id="id_856">GetProductReviewLimit</target.uri>
  </wire>
  <wire xml:id="id_990">
    <source.uri xml:id="id_991">IssueTaxDutyBondProcess/HumanTasks.CustomerSignBond.reference</source.uri>
    <target.uri xml:id="id_992">CustomerSignBond/TaskService</target.uri>
  </wire>
  <wire xml:id="id_1102">
    <source.uri xml:id="id_1103">IssueTaxDutyBondProcess/Services.Externals.GetProductBLSublimit.reference</source.uri>
    <target.uri xml:id="id_1104">GetProductBLSublimit</target.uri>
  </wire>
  <wire xml:id="id_1166">
    <source.uri xml:id="id_1167">IssueTaxDutyBondProcess/Services.Externals.UpdateBondStatus.reference</source.uri>
    <target.uri xml:id="id_1168">UpdateBondStatus</target.uri>
  </wire>
  <wire xml:id="id_1940">
    <source.uri xml:id="id_1941">IssueTaxDutyBondProcess.service</source.uri>
    <target.uri xml:id="id_1942">IssueTaxDutyBondProcess/IssueTaxDutyBondProcess.service</target.uri>
  </wire>
</composite>
