<?xml version="1.0" encoding="UTF-8"?>
<ns0:organization xmlns:ns1="http://xmlns.oracle.com/bpm/lpg/peopleQuery" xmlns:ns0="http://xmlns.oracle.com/bpm/organization" xmlns:ns3="http://xmlns.oracle.com/bpm/identity" xmlns:ns2="http://xmlns.oracle.com/bpel/workflow/taskQuery" xmlns:ns4="http://xmlns.oracle.com/bpel/workflow/task">
   <ns0:updateExistingObjects>false</ns0:updateExistingObjects>
   <ns0:organizationalUnits/>
   <ns0:applicationRoles>
      <ns0:applicationRole id="BondingPrototypeProject.ProcessOwner" isProcessRole="true">
         <ns3:name>BondingPrototypeProject.Process Owner</ns3:name>
         <ns0:processRole id="ProcessOwner" name="Process Owner"/>
      </ns0:applicationRole>
      <ns0:applicationRole id="BondingPrototypeProject.ProcessReviewer" isProcessRole="true">
         <ns3:name>BondingPrototypeProject.Process Reviewer</ns3:name>
         <ns0:processRole id="ProcessReviewer" name="Process Reviewer"/>
      </ns0:applicationRole>
      <ns0:applicationRole id="BondingPrototypeProject.Customer" isProcessRole="true">
         <ns3:name>BondingPrototypeProject.Customer</ns3:name>
         <ns0:processRole id="Customer" name="Customer"/>
      </ns0:applicationRole>
      <ns0:applicationRole id="BondingPrototypeProject.FUW" isProcessRole="true">
         <ns3:name>BondingPrototypeProject.FUW</ns3:name>
         <ns0:processRole id="FUW" name="FUW"/>
      </ns0:applicationRole>
      <ns0:applicationRole id="BondingPrototypeProject.SeniorFUW" isProcessRole="true">
         <ns3:name>BondingPrototypeProject.Senior FUW</ns3:name>
         <ns0:processRole id="SeniorFUW" name="Senior FUW"/>
      </ns0:applicationRole>
      <ns0:applicationRole id="BondingPrototypeProject.TUW" isProcessRole="true">
         <ns3:name>BondingPrototypeProject.TUW</ns3:name>
         <ns0:processRole id="TUW" name="TUW"/>
      </ns0:applicationRole>
   </ns0:applicationRoles>
   <ns0:applicationRoleOrgUnitCalendarAssociations/>
   <ns0:participantPropertiesList/>
   <ns0:holidayRules/>
   <ns0:calendarRules/>
   <ns0:businessParameters/>
</ns0:organization>
