<?xml version="1.0" encoding="UTF-8" standalone="yes"?>
<?oracleBPM version="12.1.3" fileRevision="20120601"?>
<processDocumentation xmlns="http://xmlns.oracle.com/bpm/taskMetadataService/processDocumentation">
   <component name="RequestNewBondProcess">
      <topicDocumentations>
         <topicDocumentation name="RequestNewBondProcess"/>
         <topicDocumentation name="EVT20173472745844">
            <labels>
               <label locale="en">RequestNewBond</label>
            </labels>
            <descriptions>
               <description locale="en"></description>
            </descriptions>
         </topicDocumentation>
         <topicDocumentation name="EVT20173472745945">
            <labels>
               <label locale="en">End</label>
            </labels>
            <descriptions>
               <description locale="en"></description>
            </descriptions>
         </topicDocumentation>
         <topicDocumentation name="EVT20173521245032">
            <labels>
               <label locale="en">InvokeIssueTaxDutyBond</label>
            </labels>
            <descriptions>
               <description locale="en"></description>
            </descriptions>
         </topicDocumentation>
         <topicDocumentation name="sf20173472745925"/>
         <topicDocumentation name="sf20173524354996"/>
      </topicDocumentations>
   </component>
</processDocumentation>