<?xml version = '1.0' encoding = 'UTF-8'?>
<Faults>
   <Fault>
      <severity>warning</severity>
      <loc/>
      <line/>
      <col/>
      <file>HumanTasks/CustomerRequest.task</file>
      <name>HumanTasks/CustomerRequest.task</name>
      <fix/>
      <msg>Error assignee not specified</msg>
   </Fault>
   <Fault>
      <severity>warning</severity>
      <loc/>
      <line/>
      <col/>
      <file>HumanTasks/CustomerSignBond.task</file>
      <name>HumanTasks/CustomerSignBond.task</name>
      <fix/>
      <msg>Error assignee not specified</msg>
   </Fault>
   <Fault>
      <severity>warning</severity>
      <loc/>
      <line/>
      <col/>
      <file>HumanTasks/SeniorFUWAnalysis.task</file>
      <name>HumanTasks/SeniorFUWAnalysis.task</name>
      <fix/>
      <msg>Error assignee not specified</msg>
   </Fault>
   <Fault>
      <severity>warning</severity>
      <loc/>
      <line/>
      <col/>
      <file>HumanTasks/TUWAnalysis.task</file>
      <name>HumanTasks/TUWAnalysis.task</name>
      <fix/>
      <msg>Error assignee not specified</msg>
   </Fault>
   <Fault>
      <severity>warning</severity>
      <loc/>
      <line/>
      <col/>
      <file>HumanTasks/FUWReview.task</file>
      <name>HumanTasks/FUWReview.task</name>
      <fix/>
      <msg>Error assignee not specified</msg>
   </Fault>
</Faults>
