<?xml version = '1.0' encoding = 'UTF-8'?>
<Faults>
   <Fault>
      <severity>warning</severity>
      <loc>/*[namespace-uri()='http://docs.oasis-open.org/wsbpel/2.0/process/executable'][local-name()='process']</loc>
      <line>41</line>
      <col/>
      <file>BPEL/DashboardServicesBPELProcess.bpel</file>
      <name>BPEL/DashboardServicesBPELProcess.bpel</name>
      <fix>Fix the process to be *either* durable or synchronous.</fix>
      <msg>Process "DashboardServicesBPELProcess" is both durable (onMessage,Receive,Wait) and synchronous.</msg>
   </Fault>
   <Fault>
      <severity>warning</severity>
      <loc>/*[namespace-uri()='http://docs.oasis-open.org/wsbpel/2.0/process/executable'][local-name()='process']/*[namespace-uri()='http://docs.oasis-open.org/wsbpel/2.0/process/executable'][local-name()='sequence'][@name='main']/*[namespace-uri()='http://docs.oasis-open.org/wsbpel/2.0/process/executable'][local-name()='pick'][@name='Pick1']/*[namespace-uri()='http://docs.oasis-open.org/wsbpel/2.0/process/executable'][local-name()='onMessage'][1]/*[namespace-uri()='http://docs.oasis-open.org/wsbpel/2.0/process/executable'][local-name()='sequence'][@name='Sequence1']/*[namespace-uri()='http://docs.oasis-open.org/wsbpel/2.0/process/executable'][local-name()='assign'][@name='AssignToTaskQuesryInput']/*[namespace-uri()='http://docs.oasis-open.org/wsbpel/2.0/process/executable'][local-name()='copy'][5]/*[namespace-uri()='http://docs.oasis-open.org/wsbpel/2.0/process/executable'][local-name()='from']</loc>
      <line>146</line>
      <col/>
      <file>BPEL/DashboardServicesBPELProcess.bpel</file>
      <name>BPEL/DashboardServicesBPELProcess.bpel</name>
      <fix>Add a predicate to select an element from the sequence.</fix>
      <msg>The XPath segment "child::ns13:Users" selects a sequence of elements - a predicate MAY be needed to correctly select an element.</msg>
   </Fault>
</Faults>
