<?xml version = '1.0' encoding = 'UTF-8'?>
<!DOCTYPE properties SYSTEM "http://java.sun.com/dtd/properties.dtd">
<properties>
   <entry key="USERS.USER_ID:db_column_precision">38</entry>
   <entry key="USERS.PASSWORD:db_column_type">VARCHAR2</entry>
   <entry key="USERS.APPROVAL_LIMIT:db_column_scale">0</entry>
   <entry key="USERS.USER_ID:db_column_type">NUMBER</entry>
   <entry key="USERS.USER_ROLE:db_column_size">100</entry>
   <entry key="USERS.USER_NAME:db_column_type">VARCHAR2</entry>
   <entry key="USERS.APPROVAL_LIMIT:db_column_precision">38</entry>
   <entry key="USERS:db_table_type">TABLE</entry>
   <entry key="USERS.APPROVAL_LIMIT:db_column_not_null">false</entry>
   <entry key="USERS.PASSWORD:db_column_not_null">false</entry>
   <entry key="return_single_result_set">false</entry>
   <entry key="USERS.PASSWORD:db_column_size">60</entry>
   <entry key="USERS.USER_ID:db_column_not_null">true</entry>
   <entry key="USERS.USER_NAME:db_column_not_null">true</entry>
   <entry key="USERS:db_column_4">PASSWORD</entry>
   <entry key="USERS:db_column_3">APPROVAL_LIMIT</entry>
   <entry key="USERS.USER_ID:db_column_scale">0</entry>
   <entry key="USERS:db_column_2">USER_ROLE</entry>
   <entry key="USERS:db_column_1">USER_NAME</entry>
   <entry key="USERS.USER_ROLE:db_column_not_null">true</entry>
   <entry key="USERS.USER_NAME:db_column_size">50</entry>
   <entry key="USERS:db_column_0">USER_ID</entry>
   <entry key="root_descriptor_alias">USERS</entry>
   <entry key="USERS.APPROVAL_LIMIT:db_column_type">NUMBER</entry>
   <entry key="USERS.USER_ROLE:db_column_type">VARCHAR2</entry>
</properties>