<?xml version="1.0" encoding="UTF-8" ?>
<!-- Generated by Oracle SOA Modeler version 12.2.1.2.0.161003 at [9/2/17 6:53 AM]. -->
<composite name="UpdateTaskActivityService"
           revision="1.1"
           label="2017-09-02_06-53-24_555"
           mode="active"
           state="on"
           xmlns="http://xmlns.oracle.com/sca/1.0"
           xmlns:xs="http://www.w3.org/2001/XMLSchema"
           xmlns:wsp="http://schemas.xmlsoap.org/ws/2004/09/policy"
           xmlns:orawsp="http://schemas.oracle.com/ws/2006/01/policy"
           xmlns:ui="http://xmlns.oracle.com/soa/designer/"
           xmlns:sca-ext="http://xmlns.oracle.com/sca/1.0-ext">
  <import namespace="http://oracle.com/sca/soapservice/AtradiusUtilityApplication2/UpdateTaskActivityService/UpdateTaskActivityWS"
          location="WSDLs/UpdateTaskActivityWS.wsdl" importType="wsdl"/>
  <import namespace="http://oracle.com/sca/soapservice/AtradiusUtilityApplication2/UpdateTaskActivityService/UpdateTaskActivityWS"
          location="WSDLs/UpdateTaskActivityWSWrapper.wsdl" importType="wsdl"/>
  <import namespace="http://xmlns.oracle.com/bpel/workflow/taskQueryService" location="WSDLs/TaskQueryService.wsdl"
          importType="wsdl"/>
  <import namespace="http://xmlns.oracle.com/bpel/workflow/taskQueryService"
          location="WSDLs/TaskQueryServiceWrapper.wsdl" importType="wsdl"/>
  <import namespace="http://xmlns.oracle.com/bpel/workflow/taskService" location="WSDLs/TaskServicePort.wsdl"
          importType="wsdl"/>
  <import namespace="http://xmlns.oracle.com/pcbpel/adapter/db/AtradiusUtilityApplication2/UpdateTaskActivityService/dbReference1"
          location="WSDLs/dbReference1.wsdl" importType="wsdl"/>
  <service name="UpdateTaskActivityWS" ui:wsdlLocation="WSDLs/UpdateTaskActivityWS.wsdl">
    <interface.wsdl interface="http://oracle.com/sca/soapservice/AtradiusUtilityApplication2/UpdateTaskActivityService/UpdateTaskActivityWS#wsdl.interface(execute_ptt)"/>
    <binding.ws port="http://oracle.com/sca/soapservice/AtradiusUtilityApplication2/UpdateTaskActivityService/UpdateTaskActivityWS#wsdl.endpoint(UpdateTaskActivityWS/execute_pt)">
      <property name="weblogic.wsee.wsat.transaction.flowOption" type="xs:string" many="false">NEVER</property>
    </binding.ws>
  </service>
  <property name="productVersion" type="xs:string" many="false">12.2.1.2.0.161003</property>
  <property name="compositeID" type="xs:string" many="false">dccbf244-5927-4e91-b41b-733ddb8b49d7</property>
  <component name="UpdateTaskActivityBPELProcess" version="2.0">
    <implementation.bpel src="BPEL/UpdateTaskActivityBPELProcess.bpel"/>
    <componentType>
      <service name="UpdateTaskActivityWS" ui:wsdlLocation="WSDLs/UpdateTaskActivityWSWrapper.wsdl">
        <interface.wsdl interface="http://oracle.com/sca/soapservice/AtradiusUtilityApplication2/UpdateTaskActivityService/UpdateTaskActivityWS#wsdl.interface(execute_ptt)"/>
      </service>
      <reference name="QueryTaskService" ui:wsdlLocation="WSDLs/TaskQueryServiceWrapper.wsdl">
        <interface.wsdl interface="http://xmlns.oracle.com/bpel/workflow/taskQueryService#wsdl.interface(TaskQueryService)"/>
      </reference>
      <reference name="UpdateTaskService" ui:wsdlLocation="WSDLs/TaskServicePort.wsdl">
        <interface.wsdl interface="http://xmlns.oracle.com/bpel/workflow/taskService#wsdl.interface(TaskService)"
                        callbackInterface="http://xmlns.oracle.com/bpel/workflow/taskService#wsdl.interface(TaskServiceCallback)"/>
      </reference>
      <reference name="dbReference1" ui:wsdlLocation="WSDLs/dbReference1.wsdl">
        <interface.wsdl interface="http://xmlns.oracle.com/pcbpel/adapter/db/AtradiusUtilityApplication2/UpdateTaskActivityService/dbReference1#wsdl.interface(dbReference1_ptt)"/>
      </reference>
    </componentType>
    <property name="bpel.config.transaction" type="xs:string" many="false">required</property>
  </component>
  <reference name="QueryTaskService" ui:wsdlLocation="WSDLs/TaskQueryService.wsdl">
    <interface.wsdl interface="http://xmlns.oracle.com/bpel/workflow/taskQueryService#wsdl.interface(TaskQueryService)"/>
    <binding.ws port="http://xmlns.oracle.com/bpel/workflow/taskQueryService#wsdl.endpoint(TaskQueryService/TaskQueryServicePort)"
                location="http://184.170.237.13:7005/integration/services/TaskQueryService/TaskQueryService?WSDL"
                soapVersion="1.1">
      <property name="weblogic.wsee.wsat.transaction.flowOption" type="xs:string" many="false">WSDLDriven</property>
    </binding.ws>
    <binding.ws port="http://xmlns.oracle.com/bpel/workflow/taskQueryService#wsdl.endpoint(TaskQueryService/TaskQueryServicePortSAML)"
                location="http://184.170.237.13:7005/integration/services/TaskQueryService/TaskQueryService?WSDL"
                soapVersion="1.1">
      <property name="weblogic.wsee.wsat.transaction.flowOption" type="xs:string" many="false">WSDLDriven</property>
    </binding.ws>
  </reference>
  <reference name="UpdateTaskService" ui:wsdlLocation="WSDLs/TaskServicePort.wsdl">
    <interface.wsdl interface="http://xmlns.oracle.com/bpel/workflow/taskService#wsdl.interface(TaskService)"
                    callbackInterface="http://xmlns.oracle.com/bpel/workflow/taskService#wsdl.interface(TaskServiceCallback)"/>
    <binding.ws port="http://xmlns.oracle.com/bpel/workflow/taskService#wsdl.endpoint(TaskService/TaskServicePort)"
                location="http://184.170.237.13:7005/integration/services/TaskService/TaskServicePort?WSDL"
                soapVersion="1.1">
      <property name="weblogic.wsee.wsat.transaction.flowOption" type="xs:string" many="false">WSDLDriven</property>
    </binding.ws>
    <binding.ws port="http://xmlns.oracle.com/bpel/workflow/taskService#wsdl.endpoint(TaskService/TaskServicePortSAML)"
                location="http://184.170.237.13:7005/integration/services/TaskService/TaskServicePort?WSDL"
                soapVersion="1.1">
      <property name="weblogic.wsee.wsat.transaction.flowOption" type="xs:string" many="false">WSDLDriven</property>
    </binding.ws>
  </reference>
  <reference name="dbReference1" ui:wsdlLocation="WSDLs/dbReference1.wsdl">
    <interface.wsdl interface="http://xmlns.oracle.com/pcbpel/adapter/db/AtradiusUtilityApplication2/UpdateTaskActivityService/dbReference1#wsdl.interface(dbReference1_ptt)"/>
    <binding.jca config="Adapters/dbReference1_db.jca"/>
    <property name="jca.retry.count" type="xs:int" many="false" override="may">4</property>
    <property name="jca.retry.interval" type="xs:int" many="false" override="may">1</property>
    <property name="jca.retry.backoff" type="xs:int" many="false" override="may">2</property>
    <property name="jca.retry.maxInterval" type="xs:int" many="false" override="may">120</property>
  </reference>
  <wire>
    <source.uri>UpdateTaskActivityWS</source.uri>
    <target.uri>UpdateTaskActivityBPELProcess/UpdateTaskActivityWS</target.uri>
  </wire>
  <wire>
    <source.uri>UpdateTaskActivityBPELProcess/QueryTaskService</source.uri>
    <target.uri>QueryTaskService</target.uri>
  </wire>
  <wire>
    <source.uri>UpdateTaskActivityBPELProcess/UpdateTaskService</source.uri>
    <target.uri>UpdateTaskService</target.uri>
  </wire>
  <wire>
    <source.uri>UpdateTaskActivityBPELProcess/dbReference1</source.uri>
    <target.uri>dbReference1</target.uri>
  </wire>
</composite>
