<?xml version = '1.0' encoding = 'UTF-8'?>
<tns:processResponseTaskList xmlns:bpws="http://docs.oasis-open.org/wsbpel/2.0/process/executable" xmlns:ns2="https://group.atradius1.com" xmlns:plnk="http://docs.oasis-open.org/wsbpel/2.0/plnktype" xmlns:ns1="http://oracle.com/sca/soapservice/AtradiusUtilityApplication/DashboardServices/FetchDashboardSOAPService" xmlns:wsdl="http://schemas.xmlsoap.org/wsdl/" xmlns:tns="https://group.atradius.com">
   <tns:TaxDutyBond>
      <tns:CustomerBond>
         <tns:CustomerId>CustomerId2</tns:CustomerId>
         <tns:CustomerName>CustomerName3</tns:CustomerName>
         <tns:CustomerAddress>CustomerAddress4</tns:CustomerAddress>
         <tns:CustomerPostalCode>CustomerPostalCode5</tns:CustomerPostalCode>
         <tns:CustomerCity>CustomerCity6</tns:CustomerCity>
         <tns:CustomerCountry>CustomerCountry7</tns:CustomerCountry>
         <tns:CustomerVAT>CustomerVAT8</tns:CustomerVAT>
         <tns:CustomerStatus>CustomerStatus9</tns:CustomerStatus>
         <tns:CustomerContactName>CustomerContactName10</tns:CustomerContactName>
      </tns:CustomerBond>
      <tns:Analysis>
         <tns:AnalysisId>AnalysisId11</tns:AnalysisId>
         <tns:BondId>BondId12</tns:BondId>
         <tns:CurrentBondingExposure>
            <tns:GlobalBondingExposure>GlobalBondingExposure13</tns:GlobalBondingExposure>
            <tns:BondClass>
               <tns:Product>
                  <tns:ProductName>ProductName14</tns:ProductName>
                  <tns:ProductExposureAmount>ProductExposureAmount15</tns:ProductExposureAmount>
               </tns:Product>
               <tns:Product>
                  <tns:ProductName>ProductName16</tns:ProductName>
                  <tns:ProductExposureAmount>ProductExposureAmount17</tns:ProductExposureAmount>
               </tns:Product>
               <tns:Product>
                  <tns:ProductName>ProductName18</tns:ProductName>
                  <tns:ProductExposureAmount>ProductExposureAmount19</tns:ProductExposureAmount>
               </tns:Product>
               <tns:ClassExposure>ClassExposure20</tns:ClassExposure>
            </tns:BondClass>
         </tns:CurrentBondingExposure>
         <tns:ReviewLimits>
            <tns:CurrentReviewLimit>
               <tns:GlobalRL>GlobalRL21</tns:GlobalRL>
               <tns:NextReviewDate>NextReviewDate22</tns:NextReviewDate>
               <tns:BondClass>
                  <tns:Product>
                     <tns:ProductName>ProductName23</tns:ProductName>
                     <tns:ProductReviewLimitAmount>ProductReviewLimitAmount24</tns:ProductReviewLimitAmount>
                  </tns:Product>
                  <tns:Product>
                     <tns:ProductName>ProductName23</tns:ProductName>
                     <tns:ProductReviewLimitAmount>ProductReviewLimitAmount24</tns:ProductReviewLimitAmount>
                  </tns:Product>
                  <tns:Product>
                     <tns:ProductName>ProductName23</tns:ProductName>
                     <tns:ProductReviewLimitAmount>ProductReviewLimitAmount24</tns:ProductReviewLimitAmount>
                  </tns:Product>
                  <tns:ClassReviewLimit>ClassReviewLimit29</tns:ClassReviewLimit>
               </tns:BondClass>
               <tns:BondClass>
                  <tns:Product>
                     <tns:ProductName>ProductName23</tns:ProductName>
                     <tns:ProductReviewLimitAmount>ProductReviewLimitAmount24</tns:ProductReviewLimitAmount>
                  </tns:Product>
                  <tns:Product>
                     <tns:ProductName>ProductName23</tns:ProductName>
                     <tns:ProductReviewLimitAmount>ProductReviewLimitAmount24</tns:ProductReviewLimitAmount>
                  </tns:Product>
                  <tns:Product>
                     <tns:ProductName>ProductName23</tns:ProductName>
                     <tns:ProductReviewLimitAmount>ProductReviewLimitAmount24</tns:ProductReviewLimitAmount>
                  </tns:Product>
                  <tns:ClassReviewLimit>ClassReviewLimit36</tns:ClassReviewLimit>
               </tns:BondClass>
               <tns:BondClass>
                  <tns:Product>
                     <tns:ProductName>ProductName23</tns:ProductName>
                     <tns:ProductReviewLimitAmount>ProductReviewLimitAmount24</tns:ProductReviewLimitAmount>
                  </tns:Product>
                  <tns:Product>
                     <tns:ProductName>ProductName23</tns:ProductName>
                     <tns:ProductReviewLimitAmount>ProductReviewLimitAmount24</tns:ProductReviewLimitAmount>
                  </tns:Product>
                  <tns:Product>
                     <tns:ProductName>ProductName23</tns:ProductName>
                     <tns:ProductReviewLimitAmount>ProductReviewLimitAmount24</tns:ProductReviewLimitAmount>
                  </tns:Product>
                  <tns:ClassReviewLimit>ClassReviewLimit43</tns:ClassReviewLimit>
               </tns:BondClass>
            </tns:CurrentReviewLimit>
            <tns:ProposedReviewLimit>
               <tns:GlobalRL>GlobalRL44</tns:GlobalRL>
               <tns:NextReviewDate>NextReviewDate45</tns:NextReviewDate>
               <tns:BondClass>
                  <tns:Product>
                     <tns:ProductName>ProductName46</tns:ProductName>
                     <tns:ProductReviewLimitAmount>ProductReviewLimitAmount47</tns:ProductReviewLimitAmount>
                  </tns:Product>
                  <tns:Product>
                     <tns:ProductName>ProductName46</tns:ProductName>
                     <tns:ProductReviewLimitAmount>ProductReviewLimitAmount47</tns:ProductReviewLimitAmount>
                  </tns:Product>
                  <tns:Product>
                     <tns:ProductName>ProductName46</tns:ProductName>
                     <tns:ProductReviewLimitAmount>ProductReviewLimitAmount47</tns:ProductReviewLimitAmount>
                  </tns:Product>
                  <tns:ClassReviewLimit>ClassReviewLimit52</tns:ClassReviewLimit>
               </tns:BondClass>
               <tns:BondClass>
                  <tns:Product>
                     <tns:ProductName>ProductName46</tns:ProductName>
                     <tns:ProductReviewLimitAmount>ProductReviewLimitAmount47</tns:ProductReviewLimitAmount>
                  </tns:Product>
                  <tns:Product>
                     <tns:ProductName>ProductName46</tns:ProductName>
                     <tns:ProductReviewLimitAmount>ProductReviewLimitAmount47</tns:ProductReviewLimitAmount>
                  </tns:Product>
                  <tns:Product>
                     <tns:ProductName>ProductName46</tns:ProductName>
                     <tns:ProductReviewLimitAmount>ProductReviewLimitAmount47</tns:ProductReviewLimitAmount>
                  </tns:Product>
                  <tns:ClassReviewLimit>ClassReviewLimit59</tns:ClassReviewLimit>
               </tns:BondClass>
               <tns:BondClass>
                  <tns:Product>
                     <tns:ProductName>ProductName46</tns:ProductName>
                     <tns:ProductReviewLimitAmount>ProductReviewLimitAmount47</tns:ProductReviewLimitAmount>
                  </tns:Product>
                  <tns:Product>
                     <tns:ProductName>ProductName46</tns:ProductName>
                     <tns:ProductReviewLimitAmount>ProductReviewLimitAmount47</tns:ProductReviewLimitAmount>
                  </tns:Product>
                  <tns:Product>
                     <tns:ProductName>ProductName46</tns:ProductName>
                     <tns:ProductReviewLimitAmount>ProductReviewLimitAmount47</tns:ProductReviewLimitAmount>
                  </tns:Product>
                  <tns:ClassReviewLimit>ClassReviewLimit66</tns:ClassReviewLimit>
               </tns:BondClass>
            </tns:ProposedReviewLimit>
         </tns:ReviewLimits>
         <tns:BondLineParameters>
            <tns:CurrentBLP>
               <tns:BondLineAmount>BondLineAmount67</tns:BondLineAmount>
               <tns:BondClass>
                  <tns:Product>
                     <tns:ProductName>ProductName68</tns:ProductName>
                     <tns:ProductBLSublimit>ProductBLSublimit69</tns:ProductBLSublimit>
                     <tns:ProductMaxIndDuration>ProductMaxIndDuration70</tns:ProductMaxIndDuration>
                     <tns:ProductMaxIndAmount>ProductMaxIndAmount71</tns:ProductMaxIndAmount>
                     <tns:ProductSpecificBondText>ProductSpecificBondText72</tns:ProductSpecificBondText>
                  </tns:Product>
                  <tns:Product>
                     <tns:ProductName>ProductName68</tns:ProductName>
                     <tns:ProductBLSublimit>ProductBLSublimit69</tns:ProductBLSublimit>
                     <tns:ProductMaxIndDuration>ProductMaxIndDuration70</tns:ProductMaxIndDuration>
                     <tns:ProductMaxIndAmount>ProductMaxIndAmount71</tns:ProductMaxIndAmount>
                     <tns:ProductSpecificBondText>ProductSpecificBondText72</tns:ProductSpecificBondText>
                  </tns:Product>
                  <tns:Product>
                     <tns:ProductName>ProductName68</tns:ProductName>
                     <tns:ProductBLSublimit>ProductBLSublimit69</tns:ProductBLSublimit>
                     <tns:ProductMaxIndDuration>ProductMaxIndDuration70</tns:ProductMaxIndDuration>
                     <tns:ProductMaxIndAmount>ProductMaxIndAmount71</tns:ProductMaxIndAmount>
                     <tns:ProductSpecificBondText>ProductSpecificBondText72</tns:ProductSpecificBondText>
                  </tns:Product>
                  <tns:ClassBLSublimit>ClassBLSublimit83</tns:ClassBLSublimit>
                  <tns:ClassMaxIndAmount>ClassMaxIndAmount84</tns:ClassMaxIndAmount>
                  <tns:ClassMaxIndDuration>ClassMaxIndDuration85</tns:ClassMaxIndDuration>
                  <tns:ClassSpecificText>ClassSpecificText86</tns:ClassSpecificText>
               </tns:BondClass>
               <tns:BondClass>
                  <tns:Product>
                     <tns:ProductName>ProductName68</tns:ProductName>
                     <tns:ProductBLSublimit>ProductBLSublimit69</tns:ProductBLSublimit>
                     <tns:ProductMaxIndDuration>ProductMaxIndDuration70</tns:ProductMaxIndDuration>
                     <tns:ProductMaxIndAmount>ProductMaxIndAmount71</tns:ProductMaxIndAmount>
                     <tns:ProductSpecificBondText>ProductSpecificBondText72</tns:ProductSpecificBondText>
                  </tns:Product>
                  <tns:Product>
                     <tns:ProductName>ProductName68</tns:ProductName>
                     <tns:ProductBLSublimit>ProductBLSublimit69</tns:ProductBLSublimit>
                     <tns:ProductMaxIndDuration>ProductMaxIndDuration70</tns:ProductMaxIndDuration>
                     <tns:ProductMaxIndAmount>ProductMaxIndAmount71</tns:ProductMaxIndAmount>
                     <tns:ProductSpecificBondText>ProductSpecificBondText72</tns:ProductSpecificBondText>
                  </tns:Product>
                  <tns:Product>
                     <tns:ProductName>ProductName68</tns:ProductName>
                     <tns:ProductBLSublimit>ProductBLSublimit69</tns:ProductBLSublimit>
                     <tns:ProductMaxIndDuration>ProductMaxIndDuration70</tns:ProductMaxIndDuration>
                     <tns:ProductMaxIndAmount>ProductMaxIndAmount71</tns:ProductMaxIndAmount>
                     <tns:ProductSpecificBondText>ProductSpecificBondText72</tns:ProductSpecificBondText>
                  </tns:Product>
                  <tns:ClassBLSublimit>ClassBLSublimit102</tns:ClassBLSublimit>
                  <tns:ClassMaxIndAmount>ClassMaxIndAmount103</tns:ClassMaxIndAmount>
                  <tns:ClassMaxIndDuration>ClassMaxIndDuration104</tns:ClassMaxIndDuration>
                  <tns:ClassSpecificText>ClassSpecificText105</tns:ClassSpecificText>
               </tns:BondClass>
               <tns:BondClass>
                  <tns:Product>
                     <tns:ProductName>ProductName68</tns:ProductName>
                     <tns:ProductBLSublimit>ProductBLSublimit69</tns:ProductBLSublimit>
                     <tns:ProductMaxIndDuration>ProductMaxIndDuration70</tns:ProductMaxIndDuration>
                     <tns:ProductMaxIndAmount>ProductMaxIndAmount71</tns:ProductMaxIndAmount>
                     <tns:ProductSpecificBondText>ProductSpecificBondText72</tns:ProductSpecificBondText>
                  </tns:Product>
                  <tns:Product>
                     <tns:ProductName>ProductName68</tns:ProductName>
                     <tns:ProductBLSublimit>ProductBLSublimit69</tns:ProductBLSublimit>
                     <tns:ProductMaxIndDuration>ProductMaxIndDuration70</tns:ProductMaxIndDuration>
                     <tns:ProductMaxIndAmount>ProductMaxIndAmount71</tns:ProductMaxIndAmount>
                     <tns:ProductSpecificBondText>ProductSpecificBondText72</tns:ProductSpecificBondText>
                  </tns:Product>
                  <tns:Product>
                     <tns:ProductName>ProductName68</tns:ProductName>
                     <tns:ProductBLSublimit>ProductBLSublimit69</tns:ProductBLSublimit>
                     <tns:ProductMaxIndDuration>ProductMaxIndDuration70</tns:ProductMaxIndDuration>
                     <tns:ProductMaxIndAmount>ProductMaxIndAmount71</tns:ProductMaxIndAmount>
                     <tns:ProductSpecificBondText>ProductSpecificBondText72</tns:ProductSpecificBondText>
                  </tns:Product>
                  <tns:ClassBLSublimit>ClassBLSublimit121</tns:ClassBLSublimit>
                  <tns:ClassMaxIndAmount>ClassMaxIndAmount122</tns:ClassMaxIndAmount>
                  <tns:ClassMaxIndDuration>ClassMaxIndDuration123</tns:ClassMaxIndDuration>
                  <tns:ClassSpecificText>ClassSpecificText124</tns:ClassSpecificText>
               </tns:BondClass>
            </tns:CurrentBLP>
            <tns:ProposedBLP>
               <tns:BondLineAmount>BondLineAmount125</tns:BondLineAmount>
               <tns:BondClass>
                  <tns:Product>
                     <tns:ProductName>ProductName126</tns:ProductName>
                     <tns:ProductBLSublimit>ProductBLSublimit127</tns:ProductBLSublimit>
                     <tns:ProductMaxIndDuration>ProductMaxIndDuration128</tns:ProductMaxIndDuration>
                     <tns:ProductMaxIndAmount>ProductMaxIndAmount129</tns:ProductMaxIndAmount>
                     <tns:ProductSpecificBondText>ProductSpecificBondText130</tns:ProductSpecificBondText>
                  </tns:Product>
                  <tns:Product>
                     <tns:ProductName>ProductName126</tns:ProductName>
                     <tns:ProductBLSublimit>ProductBLSublimit127</tns:ProductBLSublimit>
                     <tns:ProductMaxIndDuration>ProductMaxIndDuration128</tns:ProductMaxIndDuration>
                     <tns:ProductMaxIndAmount>ProductMaxIndAmount129</tns:ProductMaxIndAmount>
                     <tns:ProductSpecificBondText>ProductSpecificBondText130</tns:ProductSpecificBondText>
                  </tns:Product>
                  <tns:Product>
                     <tns:ProductName>ProductName126</tns:ProductName>
                     <tns:ProductBLSublimit>ProductBLSublimit127</tns:ProductBLSublimit>
                     <tns:ProductMaxIndDuration>ProductMaxIndDuration128</tns:ProductMaxIndDuration>
                     <tns:ProductMaxIndAmount>ProductMaxIndAmount129</tns:ProductMaxIndAmount>
                     <tns:ProductSpecificBondText>ProductSpecificBondText130</tns:ProductSpecificBondText>
                  </tns:Product>
                  <tns:ClassBLSublimit>ClassBLSublimit141</tns:ClassBLSublimit>
                  <tns:ClassMaxIndAmount>ClassMaxIndAmount142</tns:ClassMaxIndAmount>
                  <tns:ClassMaxIndDuration>ClassMaxIndDuration143</tns:ClassMaxIndDuration>
                  <tns:ClassSpecificText>ClassSpecificText144</tns:ClassSpecificText>
               </tns:BondClass>
               <tns:BondClass>
                  <tns:Product>
                     <tns:ProductName>ProductName126</tns:ProductName>
                     <tns:ProductBLSublimit>ProductBLSublimit127</tns:ProductBLSublimit>
                     <tns:ProductMaxIndDuration>ProductMaxIndDuration128</tns:ProductMaxIndDuration>
                     <tns:ProductMaxIndAmount>ProductMaxIndAmount129</tns:ProductMaxIndAmount>
                     <tns:ProductSpecificBondText>ProductSpecificBondText130</tns:ProductSpecificBondText>
                  </tns:Product>
                  <tns:Product>
                     <tns:ProductName>ProductName126</tns:ProductName>
                     <tns:ProductBLSublimit>ProductBLSublimit127</tns:ProductBLSublimit>
                     <tns:ProductMaxIndDuration>ProductMaxIndDuration128</tns:ProductMaxIndDuration>
                     <tns:ProductMaxIndAmount>ProductMaxIndAmount129</tns:ProductMaxIndAmount>
                     <tns:ProductSpecificBondText>ProductSpecificBondText130</tns:ProductSpecificBondText>
                  </tns:Product>
                  <tns:Product>
                     <tns:ProductName>ProductName126</tns:ProductName>
                     <tns:ProductBLSublimit>ProductBLSublimit127</tns:ProductBLSublimit>
                     <tns:ProductMaxIndDuration>ProductMaxIndDuration128</tns:ProductMaxIndDuration>
                     <tns:ProductMaxIndAmount>ProductMaxIndAmount129</tns:ProductMaxIndAmount>
                     <tns:ProductSpecificBondText>ProductSpecificBondText130</tns:ProductSpecificBondText>
                  </tns:Product>
                  <tns:ClassBLSublimit>ClassBLSublimit160</tns:ClassBLSublimit>
                  <tns:ClassMaxIndAmount>ClassMaxIndAmount161</tns:ClassMaxIndAmount>
                  <tns:ClassMaxIndDuration>ClassMaxIndDuration162</tns:ClassMaxIndDuration>
                  <tns:ClassSpecificText>ClassSpecificText163</tns:ClassSpecificText>
               </tns:BondClass>
               <tns:BondClass>
                  <tns:Product>
                     <tns:ProductName>ProductName126</tns:ProductName>
                     <tns:ProductBLSublimit>ProductBLSublimit127</tns:ProductBLSublimit>
                     <tns:ProductMaxIndDuration>ProductMaxIndDuration128</tns:ProductMaxIndDuration>
                     <tns:ProductMaxIndAmount>ProductMaxIndAmount129</tns:ProductMaxIndAmount>
                     <tns:ProductSpecificBondText>ProductSpecificBondText130</tns:ProductSpecificBondText>
                  </tns:Product>
                  <tns:Product>
                     <tns:ProductName>ProductName126</tns:ProductName>
                     <tns:ProductBLSublimit>ProductBLSublimit127</tns:ProductBLSublimit>
                     <tns:ProductMaxIndDuration>ProductMaxIndDuration128</tns:ProductMaxIndDuration>
                     <tns:ProductMaxIndAmount>ProductMaxIndAmount129</tns:ProductMaxIndAmount>
                     <tns:ProductSpecificBondText>ProductSpecificBondText130</tns:ProductSpecificBondText>
                  </tns:Product>
                  <tns:Product>
                     <tns:ProductName>ProductName126</tns:ProductName>
                     <tns:ProductBLSublimit>ProductBLSublimit127</tns:ProductBLSublimit>
                     <tns:ProductMaxIndDuration>ProductMaxIndDuration128</tns:ProductMaxIndDuration>
                     <tns:ProductMaxIndAmount>ProductMaxIndAmount129</tns:ProductMaxIndAmount>
                     <tns:ProductSpecificBondText>ProductSpecificBondText130</tns:ProductSpecificBondText>
                  </tns:Product>
                  <tns:ClassBLSublimit>ClassBLSublimit179</tns:ClassBLSublimit>
                  <tns:ClassMaxIndAmount>ClassMaxIndAmount180</tns:ClassMaxIndAmount>
                  <tns:ClassMaxIndDuration>ClassMaxIndDuration181</tns:ClassMaxIndDuration>
                  <tns:ClassSpecificText>ClassSpecificText182</tns:ClassSpecificText>
               </tns:BondClass>
            </tns:ProposedBLP>
         </tns:BondLineParameters>
         <tns:EconomicalAnalysis>
            <tns:CreationDate>CreationDate183</tns:CreationDate>
            <tns:LegalForm>LegalForm184</tns:LegalForm>
            <tns:ShareHolder>ShareHolder185</tns:ShareHolder>
            <tns:History>History186</tns:History>
            <tns:GroupActivity>GroupActivity187</tns:GroupActivity>
            <tns:MarketStudy>MarketStudy188</tns:MarketStudy>
            <tns:ExtraInfo>ExtraInfo189</tns:ExtraInfo>
            <tns:OpinionFinReports>OpinionFinReports190</tns:OpinionFinReports>
            <tns:OpinionFinElements>OpinionFinElements191</tns:OpinionFinElements>
            <tns:PerspectiveForNextPeriod>PerspectiveForNextPeriod192</tns:PerspectiveForNextPeriod>
            <tns:ProvisionalSales>ProvisionalSales193</tns:ProvisionalSales>
            <tns:InvestmentsAndProject>InvestmentsAndProject194</tns:InvestmentsAndProject>
            <tns:ExternalSources>ExternalSources195</tns:ExternalSources>
            <tns:Strengths>Strengths196</tns:Strengths>
            <tns:Weakness>Weakness197</tns:Weakness>
         </tns:EconomicalAnalysis>
         <tns:History/>
         <tns:UnderwriterOpinion>
            <tns:ExposureComments>ExposureComments198</tns:ExposureComments>
            <tns:Motive>Motive199</tns:Motive>
            <tns:Decisions>Decisions200</tns:Decisions>
            <tns:Conditions>Conditions201</tns:Conditions>
         </tns:UnderwriterOpinion>
         <tns:UserId>UserId202</tns:UserId>
      </tns:Analysis>
      <tns:AdditionalADFInputs>
         <tns:UserId>UserId203</tns:UserId>
         <tns:UserRole>UserRole204</tns:UserRole>
         <tns:BondId>BondId205</tns:BondId>
         <tns:ButtonType>TaskStatus1</tns:ButtonType>
      </tns:AdditionalADFInputs>
   </tns:TaxDutyBond>
   <tns:TaxDutyBond>
      <tns:CustomerBond>
         <tns:CustomerId>CustomerId208</tns:CustomerId>
         <tns:CustomerName>CustomerName209</tns:CustomerName>
         <tns:CustomerAddress>CustomerAddress210</tns:CustomerAddress>
         <tns:CustomerPostalCode>CustomerPostalCode211</tns:CustomerPostalCode>
         <tns:CustomerCity>CustomerCity212</tns:CustomerCity>
         <tns:CustomerCountry>CustomerCountry213</tns:CustomerCountry>
         <tns:CustomerVAT>CustomerVAT214</tns:CustomerVAT>
         <tns:CustomerStatus>CustomerStatus215</tns:CustomerStatus>
         <tns:CustomerContactName>CustomerContactName216</tns:CustomerContactName>
      </tns:CustomerBond>
      <tns:Analysis>
         <tns:AnalysisId>AnalysisId217</tns:AnalysisId>
         <tns:BondId>BondId218</tns:BondId>
         <tns:CurrentBondingExposure>
            <tns:GlobalBondingExposure>GlobalBondingExposure219</tns:GlobalBondingExposure>
            <tns:BondClass>
               <tns:Product>
                  <tns:ProductName>ProductName220</tns:ProductName>
                  <tns:ProductExposureAmount>ProductExposureAmount221</tns:ProductExposureAmount>
               </tns:Product>
               <tns:Product>
                  <tns:ProductName>ProductName222</tns:ProductName>
                  <tns:ProductExposureAmount>ProductExposureAmount223</tns:ProductExposureAmount>
               </tns:Product>
               <tns:Product>
                  <tns:ProductName>ProductName224</tns:ProductName>
                  <tns:ProductExposureAmount>ProductExposureAmount225</tns:ProductExposureAmount>
               </tns:Product>
               <tns:ClassExposure>ClassExposure226</tns:ClassExposure>
            </tns:BondClass>
         </tns:CurrentBondingExposure>
         <tns:ReviewLimits>
            <tns:CurrentReviewLimit>
               <tns:GlobalRL>GlobalRL227</tns:GlobalRL>
               <tns:NextReviewDate>NextReviewDate228</tns:NextReviewDate>
               <tns:BondClass>
                  <tns:Product>
                     <tns:ProductName>ProductName23</tns:ProductName>
                     <tns:ProductReviewLimitAmount>ProductReviewLimitAmount24</tns:ProductReviewLimitAmount>
                  </tns:Product>
                  <tns:Product>
                     <tns:ProductName>ProductName23</tns:ProductName>
                     <tns:ProductReviewLimitAmount>ProductReviewLimitAmount24</tns:ProductReviewLimitAmount>
                  </tns:Product>
                  <tns:Product>
                     <tns:ProductName>ProductName23</tns:ProductName>
                     <tns:ProductReviewLimitAmount>ProductReviewLimitAmount24</tns:ProductReviewLimitAmount>
                  </tns:Product>
                  <tns:ClassReviewLimit>ClassReviewLimit235</tns:ClassReviewLimit>
               </tns:BondClass>
               <tns:BondClass>
                  <tns:Product>
                     <tns:ProductName>ProductName23</tns:ProductName>
                     <tns:ProductReviewLimitAmount>ProductReviewLimitAmount24</tns:ProductReviewLimitAmount>
                  </tns:Product>
                  <tns:Product>
                     <tns:ProductName>ProductName23</tns:ProductName>
                     <tns:ProductReviewLimitAmount>ProductReviewLimitAmount24</tns:ProductReviewLimitAmount>
                  </tns:Product>
                  <tns:Product>
                     <tns:ProductName>ProductName23</tns:ProductName>
                     <tns:ProductReviewLimitAmount>ProductReviewLimitAmount24</tns:ProductReviewLimitAmount>
                  </tns:Product>
                  <tns:ClassReviewLimit>ClassReviewLimit242</tns:ClassReviewLimit>
               </tns:BondClass>
               <tns:BondClass>
                  <tns:Product>
                     <tns:ProductName>ProductName23</tns:ProductName>
                     <tns:ProductReviewLimitAmount>ProductReviewLimitAmount24</tns:ProductReviewLimitAmount>
                  </tns:Product>
                  <tns:Product>
                     <tns:ProductName>ProductName23</tns:ProductName>
                     <tns:ProductReviewLimitAmount>ProductReviewLimitAmount24</tns:ProductReviewLimitAmount>
                  </tns:Product>
                  <tns:Product>
                     <tns:ProductName>ProductName23</tns:ProductName>
                     <tns:ProductReviewLimitAmount>ProductReviewLimitAmount24</tns:ProductReviewLimitAmount>
                  </tns:Product>
                  <tns:ClassReviewLimit>ClassReviewLimit249</tns:ClassReviewLimit>
               </tns:BondClass>
            </tns:CurrentReviewLimit>
            <tns:ProposedReviewLimit>
               <tns:GlobalRL>GlobalRL250</tns:GlobalRL>
               <tns:NextReviewDate>NextReviewDate251</tns:NextReviewDate>
               <tns:BondClass>
                  <tns:Product>
                     <tns:ProductName>ProductName46</tns:ProductName>
                     <tns:ProductReviewLimitAmount>ProductReviewLimitAmount47</tns:ProductReviewLimitAmount>
                  </tns:Product>
                  <tns:Product>
                     <tns:ProductName>ProductName46</tns:ProductName>
                     <tns:ProductReviewLimitAmount>ProductReviewLimitAmount47</tns:ProductReviewLimitAmount>
                  </tns:Product>
                  <tns:Product>
                     <tns:ProductName>ProductName46</tns:ProductName>
                     <tns:ProductReviewLimitAmount>ProductReviewLimitAmount47</tns:ProductReviewLimitAmount>
                  </tns:Product>
                  <tns:ClassReviewLimit>ClassReviewLimit258</tns:ClassReviewLimit>
               </tns:BondClass>
               <tns:BondClass>
                  <tns:Product>
                     <tns:ProductName>ProductName46</tns:ProductName>
                     <tns:ProductReviewLimitAmount>ProductReviewLimitAmount47</tns:ProductReviewLimitAmount>
                  </tns:Product>
                  <tns:Product>
                     <tns:ProductName>ProductName46</tns:ProductName>
                     <tns:ProductReviewLimitAmount>ProductReviewLimitAmount47</tns:ProductReviewLimitAmount>
                  </tns:Product>
                  <tns:Product>
                     <tns:ProductName>ProductName46</tns:ProductName>
                     <tns:ProductReviewLimitAmount>ProductReviewLimitAmount47</tns:ProductReviewLimitAmount>
                  </tns:Product>
                  <tns:ClassReviewLimit>ClassReviewLimit265</tns:ClassReviewLimit>
               </tns:BondClass>
               <tns:BondClass>
                  <tns:Product>
                     <tns:ProductName>ProductName46</tns:ProductName>
                     <tns:ProductReviewLimitAmount>ProductReviewLimitAmount47</tns:ProductReviewLimitAmount>
                  </tns:Product>
                  <tns:Product>
                     <tns:ProductName>ProductName46</tns:ProductName>
                     <tns:ProductReviewLimitAmount>ProductReviewLimitAmount47</tns:ProductReviewLimitAmount>
                  </tns:Product>
                  <tns:Product>
                     <tns:ProductName>ProductName46</tns:ProductName>
                     <tns:ProductReviewLimitAmount>ProductReviewLimitAmount47</tns:ProductReviewLimitAmount>
                  </tns:Product>
                  <tns:ClassReviewLimit>ClassReviewLimit272</tns:ClassReviewLimit>
               </tns:BondClass>
            </tns:ProposedReviewLimit>
         </tns:ReviewLimits>
         <tns:BondLineParameters>
            <tns:CurrentBLP>
               <tns:BondLineAmount>BondLineAmount273</tns:BondLineAmount>
               <tns:BondClass>
                  <tns:Product>
                     <tns:ProductName>ProductName68</tns:ProductName>
                     <tns:ProductBLSublimit>ProductBLSublimit69</tns:ProductBLSublimit>
                     <tns:ProductMaxIndDuration>ProductMaxIndDuration70</tns:ProductMaxIndDuration>
                     <tns:ProductMaxIndAmount>ProductMaxIndAmount71</tns:ProductMaxIndAmount>
                     <tns:ProductSpecificBondText>ProductSpecificBondText72</tns:ProductSpecificBondText>
                  </tns:Product>
                  <tns:Product>
                     <tns:ProductName>ProductName68</tns:ProductName>
                     <tns:ProductBLSublimit>ProductBLSublimit69</tns:ProductBLSublimit>
                     <tns:ProductMaxIndDuration>ProductMaxIndDuration70</tns:ProductMaxIndDuration>
                     <tns:ProductMaxIndAmount>ProductMaxIndAmount71</tns:ProductMaxIndAmount>
                     <tns:ProductSpecificBondText>ProductSpecificBondText72</tns:ProductSpecificBondText>
                  </tns:Product>
                  <tns:Product>
                     <tns:ProductName>ProductName68</tns:ProductName>
                     <tns:ProductBLSublimit>ProductBLSublimit69</tns:ProductBLSublimit>
                     <tns:ProductMaxIndDuration>ProductMaxIndDuration70</tns:ProductMaxIndDuration>
                     <tns:ProductMaxIndAmount>ProductMaxIndAmount71</tns:ProductMaxIndAmount>
                     <tns:ProductSpecificBondText>ProductSpecificBondText72</tns:ProductSpecificBondText>
                  </tns:Product>
                  <tns:ClassBLSublimit>ClassBLSublimit289</tns:ClassBLSublimit>
                  <tns:ClassMaxIndAmount>ClassMaxIndAmount290</tns:ClassMaxIndAmount>
                  <tns:ClassMaxIndDuration>ClassMaxIndDuration291</tns:ClassMaxIndDuration>
                  <tns:ClassSpecificText>ClassSpecificText292</tns:ClassSpecificText>
               </tns:BondClass>
               <tns:BondClass>
                  <tns:Product>
                     <tns:ProductName>ProductName68</tns:ProductName>
                     <tns:ProductBLSublimit>ProductBLSublimit69</tns:ProductBLSublimit>
                     <tns:ProductMaxIndDuration>ProductMaxIndDuration70</tns:ProductMaxIndDuration>
                     <tns:ProductMaxIndAmount>ProductMaxIndAmount71</tns:ProductMaxIndAmount>
                     <tns:ProductSpecificBondText>ProductSpecificBondText72</tns:ProductSpecificBondText>
                  </tns:Product>
                  <tns:Product>
                     <tns:ProductName>ProductName68</tns:ProductName>
                     <tns:ProductBLSublimit>ProductBLSublimit69</tns:ProductBLSublimit>
                     <tns:ProductMaxIndDuration>ProductMaxIndDuration70</tns:ProductMaxIndDuration>
                     <tns:ProductMaxIndAmount>ProductMaxIndAmount71</tns:ProductMaxIndAmount>
                     <tns:ProductSpecificBondText>ProductSpecificBondText72</tns:ProductSpecificBondText>
                  </tns:Product>
                  <tns:Product>
                     <tns:ProductName>ProductName68</tns:ProductName>
                     <tns:ProductBLSublimit>ProductBLSublimit69</tns:ProductBLSublimit>
                     <tns:ProductMaxIndDuration>ProductMaxIndDuration70</tns:ProductMaxIndDuration>
                     <tns:ProductMaxIndAmount>ProductMaxIndAmount71</tns:ProductMaxIndAmount>
                     <tns:ProductSpecificBondText>ProductSpecificBondText72</tns:ProductSpecificBondText>
                  </tns:Product>
                  <tns:ClassBLSublimit>ClassBLSublimit308</tns:ClassBLSublimit>
                  <tns:ClassMaxIndAmount>ClassMaxIndAmount309</tns:ClassMaxIndAmount>
                  <tns:ClassMaxIndDuration>ClassMaxIndDuration310</tns:ClassMaxIndDuration>
                  <tns:ClassSpecificText>ClassSpecificText311</tns:ClassSpecificText>
               </tns:BondClass>
               <tns:BondClass>
                  <tns:Product>
                     <tns:ProductName>ProductName68</tns:ProductName>
                     <tns:ProductBLSublimit>ProductBLSublimit69</tns:ProductBLSublimit>
                     <tns:ProductMaxIndDuration>ProductMaxIndDuration70</tns:ProductMaxIndDuration>
                     <tns:ProductMaxIndAmount>ProductMaxIndAmount71</tns:ProductMaxIndAmount>
                     <tns:ProductSpecificBondText>ProductSpecificBondText72</tns:ProductSpecificBondText>
                  </tns:Product>
                  <tns:Product>
                     <tns:ProductName>ProductName68</tns:ProductName>
                     <tns:ProductBLSublimit>ProductBLSublimit69</tns:ProductBLSublimit>
                     <tns:ProductMaxIndDuration>ProductMaxIndDuration70</tns:ProductMaxIndDuration>
                     <tns:ProductMaxIndAmount>ProductMaxIndAmount71</tns:ProductMaxIndAmount>
                     <tns:ProductSpecificBondText>ProductSpecificBondText72</tns:ProductSpecificBondText>
                  </tns:Product>
                  <tns:Product>
                     <tns:ProductName>ProductName68</tns:ProductName>
                     <tns:ProductBLSublimit>ProductBLSublimit69</tns:ProductBLSublimit>
                     <tns:ProductMaxIndDuration>ProductMaxIndDuration70</tns:ProductMaxIndDuration>
                     <tns:ProductMaxIndAmount>ProductMaxIndAmount71</tns:ProductMaxIndAmount>
                     <tns:ProductSpecificBondText>ProductSpecificBondText72</tns:ProductSpecificBondText>
                  </tns:Product>
                  <tns:ClassBLSublimit>ClassBLSublimit327</tns:ClassBLSublimit>
                  <tns:ClassMaxIndAmount>ClassMaxIndAmount328</tns:ClassMaxIndAmount>
                  <tns:ClassMaxIndDuration>ClassMaxIndDuration329</tns:ClassMaxIndDuration>
                  <tns:ClassSpecificText>ClassSpecificText330</tns:ClassSpecificText>
               </tns:BondClass>
            </tns:CurrentBLP>
            <tns:ProposedBLP>
               <tns:BondLineAmount>BondLineAmount331</tns:BondLineAmount>
               <tns:BondClass>
                  <tns:Product>
                     <tns:ProductName>ProductName126</tns:ProductName>
                     <tns:ProductBLSublimit>ProductBLSublimit127</tns:ProductBLSublimit>
                     <tns:ProductMaxIndDuration>ProductMaxIndDuration128</tns:ProductMaxIndDuration>
                     <tns:ProductMaxIndAmount>ProductMaxIndAmount129</tns:ProductMaxIndAmount>
                     <tns:ProductSpecificBondText>ProductSpecificBondText130</tns:ProductSpecificBondText>
                  </tns:Product>
                  <tns:Product>
                     <tns:ProductName>ProductName126</tns:ProductName>
                     <tns:ProductBLSublimit>ProductBLSublimit127</tns:ProductBLSublimit>
                     <tns:ProductMaxIndDuration>ProductMaxIndDuration128</tns:ProductMaxIndDuration>
                     <tns:ProductMaxIndAmount>ProductMaxIndAmount129</tns:ProductMaxIndAmount>
                     <tns:ProductSpecificBondText>ProductSpecificBondText130</tns:ProductSpecificBondText>
                  </tns:Product>
                  <tns:Product>
                     <tns:ProductName>ProductName126</tns:ProductName>
                     <tns:ProductBLSublimit>ProductBLSublimit127</tns:ProductBLSublimit>
                     <tns:ProductMaxIndDuration>ProductMaxIndDuration128</tns:ProductMaxIndDuration>
                     <tns:ProductMaxIndAmount>ProductMaxIndAmount129</tns:ProductMaxIndAmount>
                     <tns:ProductSpecificBondText>ProductSpecificBondText130</tns:ProductSpecificBondText>
                  </tns:Product>
                  <tns:ClassBLSublimit>ClassBLSublimit347</tns:ClassBLSublimit>
                  <tns:ClassMaxIndAmount>ClassMaxIndAmount348</tns:ClassMaxIndAmount>
                  <tns:ClassMaxIndDuration>ClassMaxIndDuration349</tns:ClassMaxIndDuration>
                  <tns:ClassSpecificText>ClassSpecificText350</tns:ClassSpecificText>
               </tns:BondClass>
               <tns:BondClass>
                  <tns:Product>
                     <tns:ProductName>ProductName126</tns:ProductName>
                     <tns:ProductBLSublimit>ProductBLSublimit127</tns:ProductBLSublimit>
                     <tns:ProductMaxIndDuration>ProductMaxIndDuration128</tns:ProductMaxIndDuration>
                     <tns:ProductMaxIndAmount>ProductMaxIndAmount129</tns:ProductMaxIndAmount>
                     <tns:ProductSpecificBondText>ProductSpecificBondText130</tns:ProductSpecificBondText>
                  </tns:Product>
                  <tns:Product>
                     <tns:ProductName>ProductName126</tns:ProductName>
                     <tns:ProductBLSublimit>ProductBLSublimit127</tns:ProductBLSublimit>
                     <tns:ProductMaxIndDuration>ProductMaxIndDuration128</tns:ProductMaxIndDuration>
                     <tns:ProductMaxIndAmount>ProductMaxIndAmount129</tns:ProductMaxIndAmount>
                     <tns:ProductSpecificBondText>ProductSpecificBondText130</tns:ProductSpecificBondText>
                  </tns:Product>
                  <tns:Product>
                     <tns:ProductName>ProductName126</tns:ProductName>
                     <tns:ProductBLSublimit>ProductBLSublimit127</tns:ProductBLSublimit>
                     <tns:ProductMaxIndDuration>ProductMaxIndDuration128</tns:ProductMaxIndDuration>
                     <tns:ProductMaxIndAmount>ProductMaxIndAmount129</tns:ProductMaxIndAmount>
                     <tns:ProductSpecificBondText>ProductSpecificBondText130</tns:ProductSpecificBondText>
                  </tns:Product>
                  <tns:ClassBLSublimit>ClassBLSublimit366</tns:ClassBLSublimit>
                  <tns:ClassMaxIndAmount>ClassMaxIndAmount367</tns:ClassMaxIndAmount>
                  <tns:ClassMaxIndDuration>ClassMaxIndDuration368</tns:ClassMaxIndDuration>
                  <tns:ClassSpecificText>ClassSpecificText369</tns:ClassSpecificText>
               </tns:BondClass>
               <tns:BondClass>
                  <tns:Product>
                     <tns:ProductName>ProductName126</tns:ProductName>
                     <tns:ProductBLSublimit>ProductBLSublimit127</tns:ProductBLSublimit>
                     <tns:ProductMaxIndDuration>ProductMaxIndDuration128</tns:ProductMaxIndDuration>
                     <tns:ProductMaxIndAmount>ProductMaxIndAmount129</tns:ProductMaxIndAmount>
                     <tns:ProductSpecificBondText>ProductSpecificBondText130</tns:ProductSpecificBondText>
                  </tns:Product>
                  <tns:Product>
                     <tns:ProductName>ProductName126</tns:ProductName>
                     <tns:ProductBLSublimit>ProductBLSublimit127</tns:ProductBLSublimit>
                     <tns:ProductMaxIndDuration>ProductMaxIndDuration128</tns:ProductMaxIndDuration>
                     <tns:ProductMaxIndAmount>ProductMaxIndAmount129</tns:ProductMaxIndAmount>
                     <tns:ProductSpecificBondText>ProductSpecificBondText130</tns:ProductSpecificBondText>
                  </tns:Product>
                  <tns:Product>
                     <tns:ProductName>ProductName126</tns:ProductName>
                     <tns:ProductBLSublimit>ProductBLSublimit127</tns:ProductBLSublimit>
                     <tns:ProductMaxIndDuration>ProductMaxIndDuration128</tns:ProductMaxIndDuration>
                     <tns:ProductMaxIndAmount>ProductMaxIndAmount129</tns:ProductMaxIndAmount>
                     <tns:ProductSpecificBondText>ProductSpecificBondText130</tns:ProductSpecificBondText>
                  </tns:Product>
                  <tns:ClassBLSublimit>ClassBLSublimit385</tns:ClassBLSublimit>
                  <tns:ClassMaxIndAmount>ClassMaxIndAmount386</tns:ClassMaxIndAmount>
                  <tns:ClassMaxIndDuration>ClassMaxIndDuration387</tns:ClassMaxIndDuration>
                  <tns:ClassSpecificText>ClassSpecificText388</tns:ClassSpecificText>
               </tns:BondClass>
            </tns:ProposedBLP>
         </tns:BondLineParameters>
         <tns:EconomicalAnalysis>
            <tns:CreationDate>CreationDate389</tns:CreationDate>
            <tns:LegalForm>LegalForm390</tns:LegalForm>
            <tns:ShareHolder>ShareHolder391</tns:ShareHolder>
            <tns:History>History392</tns:History>
            <tns:GroupActivity>GroupActivity393</tns:GroupActivity>
            <tns:MarketStudy>MarketStudy394</tns:MarketStudy>
            <tns:ExtraInfo>ExtraInfo395</tns:ExtraInfo>
            <tns:OpinionFinReports>OpinionFinReports396</tns:OpinionFinReports>
            <tns:OpinionFinElements>OpinionFinElements397</tns:OpinionFinElements>
            <tns:PerspectiveForNextPeriod>PerspectiveForNextPeriod398</tns:PerspectiveForNextPeriod>
            <tns:ProvisionalSales>ProvisionalSales399</tns:ProvisionalSales>
            <tns:InvestmentsAndProject>InvestmentsAndProject400</tns:InvestmentsAndProject>
            <tns:ExternalSources>ExternalSources401</tns:ExternalSources>
            <tns:Strengths>Strengths402</tns:Strengths>
            <tns:Weakness>Weakness403</tns:Weakness>
         </tns:EconomicalAnalysis>
         <tns:History/>
         <tns:UnderwriterOpinion>
            <tns:ExposureComments>ExposureComments404</tns:ExposureComments>
            <tns:Motive>Motive405</tns:Motive>
            <tns:Decisions>Decisions406</tns:Decisions>
            <tns:Conditions>Conditions407</tns:Conditions>
         </tns:UnderwriterOpinion>
         <tns:UserId>UserId408</tns:UserId>
      </tns:Analysis>
      <tns:AdditionalADFInputs>
         <tns:UserId>UserId409</tns:UserId>
         <tns:UserRole>UserRole410</tns:UserRole>
         <tns:BondId>BondId411</tns:BondId>
         <tns:ButtonType>TaskStatus207</tns:ButtonType>
      </tns:AdditionalADFInputs>
   </tns:TaxDutyBond>
   <tns:TaxDutyBond>
      <tns:CustomerBond>
         <tns:CustomerId>CustomerId414</tns:CustomerId>
         <tns:CustomerName>CustomerName415</tns:CustomerName>
         <tns:CustomerAddress>CustomerAddress416</tns:CustomerAddress>
         <tns:CustomerPostalCode>CustomerPostalCode417</tns:CustomerPostalCode>
         <tns:CustomerCity>CustomerCity418</tns:CustomerCity>
         <tns:CustomerCountry>CustomerCountry419</tns:CustomerCountry>
         <tns:CustomerVAT>CustomerVAT420</tns:CustomerVAT>
         <tns:CustomerStatus>CustomerStatus421</tns:CustomerStatus>
         <tns:CustomerContactName>CustomerContactName422</tns:CustomerContactName>
      </tns:CustomerBond>
      <tns:Analysis>
         <tns:AnalysisId>AnalysisId423</tns:AnalysisId>
         <tns:BondId>BondId424</tns:BondId>
         <tns:CurrentBondingExposure>
            <tns:GlobalBondingExposure>GlobalBondingExposure425</tns:GlobalBondingExposure>
            <tns:BondClass>
               <tns:Product>
                  <tns:ProductName>ProductName426</tns:ProductName>
                  <tns:ProductExposureAmount>ProductExposureAmount427</tns:ProductExposureAmount>
               </tns:Product>
               <tns:Product>
                  <tns:ProductName>ProductName428</tns:ProductName>
                  <tns:ProductExposureAmount>ProductExposureAmount429</tns:ProductExposureAmount>
               </tns:Product>
               <tns:Product>
                  <tns:ProductName>ProductName430</tns:ProductName>
                  <tns:ProductExposureAmount>ProductExposureAmount431</tns:ProductExposureAmount>
               </tns:Product>
               <tns:ClassExposure>ClassExposure432</tns:ClassExposure>
            </tns:BondClass>
         </tns:CurrentBondingExposure>
         <tns:ReviewLimits>
            <tns:CurrentReviewLimit>
               <tns:GlobalRL>GlobalRL433</tns:GlobalRL>
               <tns:NextReviewDate>NextReviewDate434</tns:NextReviewDate>
               <tns:BondClass>
                  <tns:Product>
                     <tns:ProductName>ProductName23</tns:ProductName>
                     <tns:ProductReviewLimitAmount>ProductReviewLimitAmount24</tns:ProductReviewLimitAmount>
                  </tns:Product>
                  <tns:Product>
                     <tns:ProductName>ProductName23</tns:ProductName>
                     <tns:ProductReviewLimitAmount>ProductReviewLimitAmount24</tns:ProductReviewLimitAmount>
                  </tns:Product>
                  <tns:Product>
                     <tns:ProductName>ProductName23</tns:ProductName>
                     <tns:ProductReviewLimitAmount>ProductReviewLimitAmount24</tns:ProductReviewLimitAmount>
                  </tns:Product>
                  <tns:ClassReviewLimit>ClassReviewLimit441</tns:ClassReviewLimit>
               </tns:BondClass>
               <tns:BondClass>
                  <tns:Product>
                     <tns:ProductName>ProductName23</tns:ProductName>
                     <tns:ProductReviewLimitAmount>ProductReviewLimitAmount24</tns:ProductReviewLimitAmount>
                  </tns:Product>
                  <tns:Product>
                     <tns:ProductName>ProductName23</tns:ProductName>
                     <tns:ProductReviewLimitAmount>ProductReviewLimitAmount24</tns:ProductReviewLimitAmount>
                  </tns:Product>
                  <tns:Product>
                     <tns:ProductName>ProductName23</tns:ProductName>
                     <tns:ProductReviewLimitAmount>ProductReviewLimitAmount24</tns:ProductReviewLimitAmount>
                  </tns:Product>
                  <tns:ClassReviewLimit>ClassReviewLimit448</tns:ClassReviewLimit>
               </tns:BondClass>
               <tns:BondClass>
                  <tns:Product>
                     <tns:ProductName>ProductName23</tns:ProductName>
                     <tns:ProductReviewLimitAmount>ProductReviewLimitAmount24</tns:ProductReviewLimitAmount>
                  </tns:Product>
                  <tns:Product>
                     <tns:ProductName>ProductName23</tns:ProductName>
                     <tns:ProductReviewLimitAmount>ProductReviewLimitAmount24</tns:ProductReviewLimitAmount>
                  </tns:Product>
                  <tns:Product>
                     <tns:ProductName>ProductName23</tns:ProductName>
                     <tns:ProductReviewLimitAmount>ProductReviewLimitAmount24</tns:ProductReviewLimitAmount>
                  </tns:Product>
                  <tns:ClassReviewLimit>ClassReviewLimit455</tns:ClassReviewLimit>
               </tns:BondClass>
            </tns:CurrentReviewLimit>
            <tns:ProposedReviewLimit>
               <tns:GlobalRL>GlobalRL456</tns:GlobalRL>
               <tns:NextReviewDate>NextReviewDate457</tns:NextReviewDate>
               <tns:BondClass>
                  <tns:Product>
                     <tns:ProductName>ProductName46</tns:ProductName>
                     <tns:ProductReviewLimitAmount>ProductReviewLimitAmount47</tns:ProductReviewLimitAmount>
                  </tns:Product>
                  <tns:Product>
                     <tns:ProductName>ProductName46</tns:ProductName>
                     <tns:ProductReviewLimitAmount>ProductReviewLimitAmount47</tns:ProductReviewLimitAmount>
                  </tns:Product>
                  <tns:Product>
                     <tns:ProductName>ProductName46</tns:ProductName>
                     <tns:ProductReviewLimitAmount>ProductReviewLimitAmount47</tns:ProductReviewLimitAmount>
                  </tns:Product>
                  <tns:ClassReviewLimit>ClassReviewLimit464</tns:ClassReviewLimit>
               </tns:BondClass>
               <tns:BondClass>
                  <tns:Product>
                     <tns:ProductName>ProductName46</tns:ProductName>
                     <tns:ProductReviewLimitAmount>ProductReviewLimitAmount47</tns:ProductReviewLimitAmount>
                  </tns:Product>
                  <tns:Product>
                     <tns:ProductName>ProductName46</tns:ProductName>
                     <tns:ProductReviewLimitAmount>ProductReviewLimitAmount47</tns:ProductReviewLimitAmount>
                  </tns:Product>
                  <tns:Product>
                     <tns:ProductName>ProductName46</tns:ProductName>
                     <tns:ProductReviewLimitAmount>ProductReviewLimitAmount47</tns:ProductReviewLimitAmount>
                  </tns:Product>
                  <tns:ClassReviewLimit>ClassReviewLimit471</tns:ClassReviewLimit>
               </tns:BondClass>
               <tns:BondClass>
                  <tns:Product>
                     <tns:ProductName>ProductName46</tns:ProductName>
                     <tns:ProductReviewLimitAmount>ProductReviewLimitAmount47</tns:ProductReviewLimitAmount>
                  </tns:Product>
                  <tns:Product>
                     <tns:ProductName>ProductName46</tns:ProductName>
                     <tns:ProductReviewLimitAmount>ProductReviewLimitAmount47</tns:ProductReviewLimitAmount>
                  </tns:Product>
                  <tns:Product>
                     <tns:ProductName>ProductName46</tns:ProductName>
                     <tns:ProductReviewLimitAmount>ProductReviewLimitAmount47</tns:ProductReviewLimitAmount>
                  </tns:Product>
                  <tns:ClassReviewLimit>ClassReviewLimit478</tns:ClassReviewLimit>
               </tns:BondClass>
            </tns:ProposedReviewLimit>
         </tns:ReviewLimits>
         <tns:BondLineParameters>
            <tns:CurrentBLP>
               <tns:BondLineAmount>BondLineAmount479</tns:BondLineAmount>
               <tns:BondClass>
                  <tns:Product>
                     <tns:ProductName>ProductName68</tns:ProductName>
                     <tns:ProductBLSublimit>ProductBLSublimit69</tns:ProductBLSublimit>
                     <tns:ProductMaxIndDuration>ProductMaxIndDuration70</tns:ProductMaxIndDuration>
                     <tns:ProductMaxIndAmount>ProductMaxIndAmount71</tns:ProductMaxIndAmount>
                     <tns:ProductSpecificBondText>ProductSpecificBondText72</tns:ProductSpecificBondText>
                  </tns:Product>
                  <tns:Product>
                     <tns:ProductName>ProductName68</tns:ProductName>
                     <tns:ProductBLSublimit>ProductBLSublimit69</tns:ProductBLSublimit>
                     <tns:ProductMaxIndDuration>ProductMaxIndDuration70</tns:ProductMaxIndDuration>
                     <tns:ProductMaxIndAmount>ProductMaxIndAmount71</tns:ProductMaxIndAmount>
                     <tns:ProductSpecificBondText>ProductSpecificBondText72</tns:ProductSpecificBondText>
                  </tns:Product>
                  <tns:Product>
                     <tns:ProductName>ProductName68</tns:ProductName>
                     <tns:ProductBLSublimit>ProductBLSublimit69</tns:ProductBLSublimit>
                     <tns:ProductMaxIndDuration>ProductMaxIndDuration70</tns:ProductMaxIndDuration>
                     <tns:ProductMaxIndAmount>ProductMaxIndAmount71</tns:ProductMaxIndAmount>
                     <tns:ProductSpecificBondText>ProductSpecificBondText72</tns:ProductSpecificBondText>
                  </tns:Product>
                  <tns:ClassBLSublimit>ClassBLSublimit495</tns:ClassBLSublimit>
                  <tns:ClassMaxIndAmount>ClassMaxIndAmount496</tns:ClassMaxIndAmount>
                  <tns:ClassMaxIndDuration>ClassMaxIndDuration497</tns:ClassMaxIndDuration>
                  <tns:ClassSpecificText>ClassSpecificText498</tns:ClassSpecificText>
               </tns:BondClass>
               <tns:BondClass>
                  <tns:Product>
                     <tns:ProductName>ProductName68</tns:ProductName>
                     <tns:ProductBLSublimit>ProductBLSublimit69</tns:ProductBLSublimit>
                     <tns:ProductMaxIndDuration>ProductMaxIndDuration70</tns:ProductMaxIndDuration>
                     <tns:ProductMaxIndAmount>ProductMaxIndAmount71</tns:ProductMaxIndAmount>
                     <tns:ProductSpecificBondText>ProductSpecificBondText72</tns:ProductSpecificBondText>
                  </tns:Product>
                  <tns:Product>
                     <tns:ProductName>ProductName68</tns:ProductName>
                     <tns:ProductBLSublimit>ProductBLSublimit69</tns:ProductBLSublimit>
                     <tns:ProductMaxIndDuration>ProductMaxIndDuration70</tns:ProductMaxIndDuration>
                     <tns:ProductMaxIndAmount>ProductMaxIndAmount71</tns:ProductMaxIndAmount>
                     <tns:ProductSpecificBondText>ProductSpecificBondText72</tns:ProductSpecificBondText>
                  </tns:Product>
                  <tns:Product>
                     <tns:ProductName>ProductName68</tns:ProductName>
                     <tns:ProductBLSublimit>ProductBLSublimit69</tns:ProductBLSublimit>
                     <tns:ProductMaxIndDuration>ProductMaxIndDuration70</tns:ProductMaxIndDuration>
                     <tns:ProductMaxIndAmount>ProductMaxIndAmount71</tns:ProductMaxIndAmount>
                     <tns:ProductSpecificBondText>ProductSpecificBondText72</tns:ProductSpecificBondText>
                  </tns:Product>
                  <tns:ClassBLSublimit>ClassBLSublimit514</tns:ClassBLSublimit>
                  <tns:ClassMaxIndAmount>ClassMaxIndAmount515</tns:ClassMaxIndAmount>
                  <tns:ClassMaxIndDuration>ClassMaxIndDuration516</tns:ClassMaxIndDuration>
                  <tns:ClassSpecificText>ClassSpecificText517</tns:ClassSpecificText>
               </tns:BondClass>
               <tns:BondClass>
                  <tns:Product>
                     <tns:ProductName>ProductName68</tns:ProductName>
                     <tns:ProductBLSublimit>ProductBLSublimit69</tns:ProductBLSublimit>
                     <tns:ProductMaxIndDuration>ProductMaxIndDuration70</tns:ProductMaxIndDuration>
                     <tns:ProductMaxIndAmount>ProductMaxIndAmount71</tns:ProductMaxIndAmount>
                     <tns:ProductSpecificBondText>ProductSpecificBondText72</tns:ProductSpecificBondText>
                  </tns:Product>
                  <tns:Product>
                     <tns:ProductName>ProductName68</tns:ProductName>
                     <tns:ProductBLSublimit>ProductBLSublimit69</tns:ProductBLSublimit>
                     <tns:ProductMaxIndDuration>ProductMaxIndDuration70</tns:ProductMaxIndDuration>
                     <tns:ProductMaxIndAmount>ProductMaxIndAmount71</tns:ProductMaxIndAmount>
                     <tns:ProductSpecificBondText>ProductSpecificBondText72</tns:ProductSpecificBondText>
                  </tns:Product>
                  <tns:Product>
                     <tns:ProductName>ProductName68</tns:ProductName>
                     <tns:ProductBLSublimit>ProductBLSublimit69</tns:ProductBLSublimit>
                     <tns:ProductMaxIndDuration>ProductMaxIndDuration70</tns:ProductMaxIndDuration>
                     <tns:ProductMaxIndAmount>ProductMaxIndAmount71</tns:ProductMaxIndAmount>
                     <tns:ProductSpecificBondText>ProductSpecificBondText72</tns:ProductSpecificBondText>
                  </tns:Product>
                  <tns:ClassBLSublimit>ClassBLSublimit533</tns:ClassBLSublimit>
                  <tns:ClassMaxIndAmount>ClassMaxIndAmount534</tns:ClassMaxIndAmount>
                  <tns:ClassMaxIndDuration>ClassMaxIndDuration535</tns:ClassMaxIndDuration>
                  <tns:ClassSpecificText>ClassSpecificText536</tns:ClassSpecificText>
               </tns:BondClass>
            </tns:CurrentBLP>
            <tns:ProposedBLP>
               <tns:BondLineAmount>BondLineAmount537</tns:BondLineAmount>
               <tns:BondClass>
                  <tns:Product>
                     <tns:ProductName>ProductName126</tns:ProductName>
                     <tns:ProductBLSublimit>ProductBLSublimit127</tns:ProductBLSublimit>
                     <tns:ProductMaxIndDuration>ProductMaxIndDuration128</tns:ProductMaxIndDuration>
                     <tns:ProductMaxIndAmount>ProductMaxIndAmount129</tns:ProductMaxIndAmount>
                     <tns:ProductSpecificBondText>ProductSpecificBondText130</tns:ProductSpecificBondText>
                  </tns:Product>
                  <tns:Product>
                     <tns:ProductName>ProductName126</tns:ProductName>
                     <tns:ProductBLSublimit>ProductBLSublimit127</tns:ProductBLSublimit>
                     <tns:ProductMaxIndDuration>ProductMaxIndDuration128</tns:ProductMaxIndDuration>
                     <tns:ProductMaxIndAmount>ProductMaxIndAmount129</tns:ProductMaxIndAmount>
                     <tns:ProductSpecificBondText>ProductSpecificBondText130</tns:ProductSpecificBondText>
                  </tns:Product>
                  <tns:Product>
                     <tns:ProductName>ProductName126</tns:ProductName>
                     <tns:ProductBLSublimit>ProductBLSublimit127</tns:ProductBLSublimit>
                     <tns:ProductMaxIndDuration>ProductMaxIndDuration128</tns:ProductMaxIndDuration>
                     <tns:ProductMaxIndAmount>ProductMaxIndAmount129</tns:ProductMaxIndAmount>
                     <tns:ProductSpecificBondText>ProductSpecificBondText130</tns:ProductSpecificBondText>
                  </tns:Product>
                  <tns:ClassBLSublimit>ClassBLSublimit553</tns:ClassBLSublimit>
                  <tns:ClassMaxIndAmount>ClassMaxIndAmount554</tns:ClassMaxIndAmount>
                  <tns:ClassMaxIndDuration>ClassMaxIndDuration555</tns:ClassMaxIndDuration>
                  <tns:ClassSpecificText>ClassSpecificText556</tns:ClassSpecificText>
               </tns:BondClass>
               <tns:BondClass>
                  <tns:Product>
                     <tns:ProductName>ProductName126</tns:ProductName>
                     <tns:ProductBLSublimit>ProductBLSublimit127</tns:ProductBLSublimit>
                     <tns:ProductMaxIndDuration>ProductMaxIndDuration128</tns:ProductMaxIndDuration>
                     <tns:ProductMaxIndAmount>ProductMaxIndAmount129</tns:ProductMaxIndAmount>
                     <tns:ProductSpecificBondText>ProductSpecificBondText130</tns:ProductSpecificBondText>
                  </tns:Product>
                  <tns:Product>
                     <tns:ProductName>ProductName126</tns:ProductName>
                     <tns:ProductBLSublimit>ProductBLSublimit127</tns:ProductBLSublimit>
                     <tns:ProductMaxIndDuration>ProductMaxIndDuration128</tns:ProductMaxIndDuration>
                     <tns:ProductMaxIndAmount>ProductMaxIndAmount129</tns:ProductMaxIndAmount>
                     <tns:ProductSpecificBondText>ProductSpecificBondText130</tns:ProductSpecificBondText>
                  </tns:Product>
                  <tns:Product>
                     <tns:ProductName>ProductName126</tns:ProductName>
                     <tns:ProductBLSublimit>ProductBLSublimit127</tns:ProductBLSublimit>
                     <tns:ProductMaxIndDuration>ProductMaxIndDuration128</tns:ProductMaxIndDuration>
                     <tns:ProductMaxIndAmount>ProductMaxIndAmount129</tns:ProductMaxIndAmount>
                     <tns:ProductSpecificBondText>ProductSpecificBondText130</tns:ProductSpecificBondText>
                  </tns:Product>
                  <tns:ClassBLSublimit>ClassBLSublimit572</tns:ClassBLSublimit>
                  <tns:ClassMaxIndAmount>ClassMaxIndAmount573</tns:ClassMaxIndAmount>
                  <tns:ClassMaxIndDuration>ClassMaxIndDuration574</tns:ClassMaxIndDuration>
                  <tns:ClassSpecificText>ClassSpecificText575</tns:ClassSpecificText>
               </tns:BondClass>
               <tns:BondClass>
                  <tns:Product>
                     <tns:ProductName>ProductName126</tns:ProductName>
                     <tns:ProductBLSublimit>ProductBLSublimit127</tns:ProductBLSublimit>
                     <tns:ProductMaxIndDuration>ProductMaxIndDuration128</tns:ProductMaxIndDuration>
                     <tns:ProductMaxIndAmount>ProductMaxIndAmount129</tns:ProductMaxIndAmount>
                     <tns:ProductSpecificBondText>ProductSpecificBondText130</tns:ProductSpecificBondText>
                  </tns:Product>
                  <tns:Product>
                     <tns:ProductName>ProductName126</tns:ProductName>
                     <tns:ProductBLSublimit>ProductBLSublimit127</tns:ProductBLSublimit>
                     <tns:ProductMaxIndDuration>ProductMaxIndDuration128</tns:ProductMaxIndDuration>
                     <tns:ProductMaxIndAmount>ProductMaxIndAmount129</tns:ProductMaxIndAmount>
                     <tns:ProductSpecificBondText>ProductSpecificBondText130</tns:ProductSpecificBondText>
                  </tns:Product>
                  <tns:Product>
                     <tns:ProductName>ProductName126</tns:ProductName>
                     <tns:ProductBLSublimit>ProductBLSublimit127</tns:ProductBLSublimit>
                     <tns:ProductMaxIndDuration>ProductMaxIndDuration128</tns:ProductMaxIndDuration>
                     <tns:ProductMaxIndAmount>ProductMaxIndAmount129</tns:ProductMaxIndAmount>
                     <tns:ProductSpecificBondText>ProductSpecificBondText130</tns:ProductSpecificBondText>
                  </tns:Product>
                  <tns:ClassBLSublimit>ClassBLSublimit591</tns:ClassBLSublimit>
                  <tns:ClassMaxIndAmount>ClassMaxIndAmount592</tns:ClassMaxIndAmount>
                  <tns:ClassMaxIndDuration>ClassMaxIndDuration593</tns:ClassMaxIndDuration>
                  <tns:ClassSpecificText>ClassSpecificText594</tns:ClassSpecificText>
               </tns:BondClass>
            </tns:ProposedBLP>
         </tns:BondLineParameters>
         <tns:EconomicalAnalysis>
            <tns:CreationDate>CreationDate595</tns:CreationDate>
            <tns:LegalForm>LegalForm596</tns:LegalForm>
            <tns:ShareHolder>ShareHolder597</tns:ShareHolder>
            <tns:History>History598</tns:History>
            <tns:GroupActivity>GroupActivity599</tns:GroupActivity>
            <tns:MarketStudy>MarketStudy600</tns:MarketStudy>
            <tns:ExtraInfo>ExtraInfo601</tns:ExtraInfo>
            <tns:OpinionFinReports>OpinionFinReports602</tns:OpinionFinReports>
            <tns:OpinionFinElements>OpinionFinElements603</tns:OpinionFinElements>
            <tns:PerspectiveForNextPeriod>PerspectiveForNextPeriod604</tns:PerspectiveForNextPeriod>
            <tns:ProvisionalSales>ProvisionalSales605</tns:ProvisionalSales>
            <tns:InvestmentsAndProject>InvestmentsAndProject606</tns:InvestmentsAndProject>
            <tns:ExternalSources>ExternalSources607</tns:ExternalSources>
            <tns:Strengths>Strengths608</tns:Strengths>
            <tns:Weakness>Weakness609</tns:Weakness>
         </tns:EconomicalAnalysis>
         <tns:History/>
         <tns:UnderwriterOpinion>
            <tns:ExposureComments>ExposureComments610</tns:ExposureComments>
            <tns:Motive>Motive611</tns:Motive>
            <tns:Decisions>Decisions612</tns:Decisions>
            <tns:Conditions>Conditions613</tns:Conditions>
         </tns:UnderwriterOpinion>
         <tns:UserId>UserId614</tns:UserId>
      </tns:Analysis>
      <tns:AdditionalADFInputs>
         <tns:UserId>UserId615</tns:UserId>
         <tns:UserRole>UserRole616</tns:UserRole>
         <tns:BondId>BondId617</tns:BondId>
         <tns:ButtonType>TaskStatus413</tns:ButtonType>
      </tns:AdditionalADFInputs>
   </tns:TaxDutyBond>
</tns:processResponseTaskList>
