<?xml version="1.0" encoding="UTF-8" ?>
<root xmlns="https://test.com">
   <root2>
      <TaskStatus>TaskStatus1</TaskStatus>
      <payload>
         <TaxDutyBond>
            <CustomerBond>
               <CustomerId>CustomerId2</CustomerId>
               <CustomerName>CustomerName3</CustomerName>
               <CustomerAddress>CustomerAddress4</CustomerAddress>
               <CustomerPostalCode>CustomerPostalCode5</CustomerPostalCode>
               <CustomerCity>CustomerCity6</CustomerCity>
               <CustomerCountry>CustomerCountry7</CustomerCountry>
               <CustomerVAT>CustomerVAT8</CustomerVAT>
               <CustomerStatus>CustomerStatus9</CustomerStatus>
               <CustomerContactName>CustomerContactName10</CustomerContactName>
            </CustomerBond>
            <Analysis>
               <AnalysisId>AnalysisId11</AnalysisId>
               <BondId>BondId12</BondId>
               <CurrentBondingExposure>
                  <GlobalBondingExposure>GlobalBondingExposure13</GlobalBondingExposure>
                  <BondClass>
                     <Product>
                        <ProductName>ProductName14</ProductName>
                        <ProductExposureAmount>ProductExposureAmount15</ProductExposureAmount>
                     </Product>
                     <Product>
                        <ProductName>ProductName16</ProductName>
                        <ProductExposureAmount>ProductExposureAmount17</ProductExposureAmount>
                     </Product>
                     <Product>
                        <ProductName>ProductName18</ProductName>
                        <ProductExposureAmount>ProductExposureAmount19</ProductExposureAmount>
                     </Product>
                     <ClassExposure>ClassExposure20</ClassExposure>
                  </BondClass>
               </CurrentBondingExposure>
               <ReviewLimits>
                  <CurrentReviewLimit>
                     <GlobalRL>GlobalRL21</GlobalRL>
                     <NextReviewDate>NextReviewDate22</NextReviewDate>
                     <BondClass>
                        <Product>
                           <ProductName>ProductName23</ProductName>
                           <ProductReviewLimitAmount>ProductReviewLimitAmount24</ProductReviewLimitAmount>
                        </Product>
                        <Product>
                           <ProductName>ProductName25</ProductName>
                           <ProductReviewLimitAmount>ProductReviewLimitAmount26</ProductReviewLimitAmount>
                        </Product>
                        <Product>
                           <ProductName>ProductName27</ProductName>
                           <ProductReviewLimitAmount>ProductReviewLimitAmount28</ProductReviewLimitAmount>
                        </Product>
                        <ClassReviewLimit>ClassReviewLimit29</ClassReviewLimit>
                     </BondClass>
                     <BondClass>
                        <Product>
                           <ProductName>ProductName30</ProductName>
                           <ProductReviewLimitAmount>ProductReviewLimitAmount31</ProductReviewLimitAmount>
                        </Product>
                        <Product>
                           <ProductName>ProductName32</ProductName>
                           <ProductReviewLimitAmount>ProductReviewLimitAmount33</ProductReviewLimitAmount>
                        </Product>
                        <Product>
                           <ProductName>ProductName34</ProductName>
                           <ProductReviewLimitAmount>ProductReviewLimitAmount35</ProductReviewLimitAmount>
                        </Product>
                        <ClassReviewLimit>ClassReviewLimit36</ClassReviewLimit>
                     </BondClass>
                     <BondClass>
                        <Product>
                           <ProductName>ProductName37</ProductName>
                           <ProductReviewLimitAmount>ProductReviewLimitAmount38</ProductReviewLimitAmount>
                        </Product>
                        <Product>
                           <ProductName>ProductName39</ProductName>
                           <ProductReviewLimitAmount>ProductReviewLimitAmount40</ProductReviewLimitAmount>
                        </Product>
                        <Product>
                           <ProductName>ProductName41</ProductName>
                           <ProductReviewLimitAmount>ProductReviewLimitAmount42</ProductReviewLimitAmount>
                        </Product>
                        <ClassReviewLimit>ClassReviewLimit43</ClassReviewLimit>
                     </BondClass>
                  </CurrentReviewLimit>
                  <ProposedReviewLimit>
                     <GlobalRL>GlobalRL44</GlobalRL>
                     <NextReviewDate>NextReviewDate45</NextReviewDate>
                     <BondClass>
                        <Product>
                           <ProductName>ProductName46</ProductName>
                           <ProductReviewLimitAmount>ProductReviewLimitAmount47</ProductReviewLimitAmount>
                        </Product>
                        <Product>
                           <ProductName>ProductName48</ProductName>
                           <ProductReviewLimitAmount>ProductReviewLimitAmount49</ProductReviewLimitAmount>
                        </Product>
                        <Product>
                           <ProductName>ProductName50</ProductName>
                           <ProductReviewLimitAmount>ProductReviewLimitAmount51</ProductReviewLimitAmount>
                        </Product>
                        <ClassReviewLimit>ClassReviewLimit52</ClassReviewLimit>
                     </BondClass>
                     <BondClass>
                        <Product>
                           <ProductName>ProductName53</ProductName>
                           <ProductReviewLimitAmount>ProductReviewLimitAmount54</ProductReviewLimitAmount>
                        </Product>
                        <Product>
                           <ProductName>ProductName55</ProductName>
                           <ProductReviewLimitAmount>ProductReviewLimitAmount56</ProductReviewLimitAmount>
                        </Product>
                        <Product>
                           <ProductName>ProductName57</ProductName>
                           <ProductReviewLimitAmount>ProductReviewLimitAmount58</ProductReviewLimitAmount>
                        </Product>
                        <ClassReviewLimit>ClassReviewLimit59</ClassReviewLimit>
                     </BondClass>
                     <BondClass>
                        <Product>
                           <ProductName>ProductName60</ProductName>
                           <ProductReviewLimitAmount>ProductReviewLimitAmount61</ProductReviewLimitAmount>
                        </Product>
                        <Product>
                           <ProductName>ProductName62</ProductName>
                           <ProductReviewLimitAmount>ProductReviewLimitAmount63</ProductReviewLimitAmount>
                        </Product>
                        <Product>
                           <ProductName>ProductName64</ProductName>
                           <ProductReviewLimitAmount>ProductReviewLimitAmount65</ProductReviewLimitAmount>
                        </Product>
                        <ClassReviewLimit>ClassReviewLimit66</ClassReviewLimit>
                     </BondClass>
                  </ProposedReviewLimit>
               </ReviewLimits>
               <BondLineParameters>
                  <CurrentBLP>
                     <BondLineAmount>BondLineAmount67</BondLineAmount>
                     <BondClass>
                        <Product>
                           <ProductName>ProductName68</ProductName>
                           <ProductBLSublimit>ProductBLSublimit69</ProductBLSublimit>
                           <ProductMaxIndDuration>ProductMaxIndDuration70</ProductMaxIndDuration>
                           <ProductMaxIndAmount>ProductMaxIndAmount71</ProductMaxIndAmount>
                           <ProductSpecificBondText>ProductSpecificBondText72</ProductSpecificBondText>
                        </Product>
                        <Product>
                           <ProductName>ProductName73</ProductName>
                           <ProductBLSublimit>ProductBLSublimit74</ProductBLSublimit>
                           <ProductMaxIndDuration>ProductMaxIndDuration75</ProductMaxIndDuration>
                           <ProductMaxIndAmount>ProductMaxIndAmount76</ProductMaxIndAmount>
                           <ProductSpecificBondText>ProductSpecificBondText77</ProductSpecificBondText>
                        </Product>
                        <Product>
                           <ProductName>ProductName78</ProductName>
                           <ProductBLSublimit>ProductBLSublimit79</ProductBLSublimit>
                           <ProductMaxIndDuration>ProductMaxIndDuration80</ProductMaxIndDuration>
                           <ProductMaxIndAmount>ProductMaxIndAmount81</ProductMaxIndAmount>
                           <ProductSpecificBondText>ProductSpecificBondText82</ProductSpecificBondText>
                        </Product>
                        <ClassBLSublimit>ClassBLSublimit83</ClassBLSublimit>
                        <ClassMaxIndAmount>ClassMaxIndAmount84</ClassMaxIndAmount>
                        <ClassMaxIndDuration>ClassMaxIndDuration85</ClassMaxIndDuration>
                        <ClassSpecificText>ClassSpecificText86</ClassSpecificText>
                     </BondClass>
                     <BondClass>
                        <Product>
                           <ProductName>ProductName87</ProductName>
                           <ProductBLSublimit>ProductBLSublimit88</ProductBLSublimit>
                           <ProductMaxIndDuration>ProductMaxIndDuration89</ProductMaxIndDuration>
                           <ProductMaxIndAmount>ProductMaxIndAmount90</ProductMaxIndAmount>
                           <ProductSpecificBondText>ProductSpecificBondText91</ProductSpecificBondText>
                        </Product>
                        <Product>
                           <ProductName>ProductName92</ProductName>
                           <ProductBLSublimit>ProductBLSublimit93</ProductBLSublimit>
                           <ProductMaxIndDuration>ProductMaxIndDuration94</ProductMaxIndDuration>
                           <ProductMaxIndAmount>ProductMaxIndAmount95</ProductMaxIndAmount>
                           <ProductSpecificBondText>ProductSpecificBondText96</ProductSpecificBondText>
                        </Product>
                        <Product>
                           <ProductName>ProductName97</ProductName>
                           <ProductBLSublimit>ProductBLSublimit98</ProductBLSublimit>
                           <ProductMaxIndDuration>ProductMaxIndDuration99</ProductMaxIndDuration>
                           <ProductMaxIndAmount>ProductMaxIndAmount100</ProductMaxIndAmount>
                           <ProductSpecificBondText>ProductSpecificBondText101</ProductSpecificBondText>
                        </Product>
                        <ClassBLSublimit>ClassBLSublimit102</ClassBLSublimit>
                        <ClassMaxIndAmount>ClassMaxIndAmount103</ClassMaxIndAmount>
                        <ClassMaxIndDuration>ClassMaxIndDuration104</ClassMaxIndDuration>
                        <ClassSpecificText>ClassSpecificText105</ClassSpecificText>
                     </BondClass>
                     <BondClass>
                        <Product>
                           <ProductName>ProductName106</ProductName>
                           <ProductBLSublimit>ProductBLSublimit107</ProductBLSublimit>
                           <ProductMaxIndDuration>ProductMaxIndDuration108</ProductMaxIndDuration>
                           <ProductMaxIndAmount>ProductMaxIndAmount109</ProductMaxIndAmount>
                           <ProductSpecificBondText>ProductSpecificBondText110</ProductSpecificBondText>
                        </Product>
                        <Product>
                           <ProductName>ProductName111</ProductName>
                           <ProductBLSublimit>ProductBLSublimit112</ProductBLSublimit>
                           <ProductMaxIndDuration>ProductMaxIndDuration113</ProductMaxIndDuration>
                           <ProductMaxIndAmount>ProductMaxIndAmount114</ProductMaxIndAmount>
                           <ProductSpecificBondText>ProductSpecificBondText115</ProductSpecificBondText>
                        </Product>
                        <Product>
                           <ProductName>ProductName116</ProductName>
                           <ProductBLSublimit>ProductBLSublimit117</ProductBLSublimit>
                           <ProductMaxIndDuration>ProductMaxIndDuration118</ProductMaxIndDuration>
                           <ProductMaxIndAmount>ProductMaxIndAmount119</ProductMaxIndAmount>
                           <ProductSpecificBondText>ProductSpecificBondText120</ProductSpecificBondText>
                        </Product>
                        <ClassBLSublimit>ClassBLSublimit121</ClassBLSublimit>
                        <ClassMaxIndAmount>ClassMaxIndAmount122</ClassMaxIndAmount>
                        <ClassMaxIndDuration>ClassMaxIndDuration123</ClassMaxIndDuration>
                        <ClassSpecificText>ClassSpecificText124</ClassSpecificText>
                     </BondClass>
                  </CurrentBLP>
                  <ProposedBLP>
                     <BondLineAmount>BondLineAmount125</BondLineAmount>
                     <BondClass>
                        <Product>
                           <ProductName>ProductName126</ProductName>
                           <ProductBLSublimit>ProductBLSublimit127</ProductBLSublimit>
                           <ProductMaxIndDuration>ProductMaxIndDuration128</ProductMaxIndDuration>
                           <ProductMaxIndAmount>ProductMaxIndAmount129</ProductMaxIndAmount>
                           <ProductSpecificBondText>ProductSpecificBondText130</ProductSpecificBondText>
                        </Product>
                        <Product>
                           <ProductName>ProductName131</ProductName>
                           <ProductBLSublimit>ProductBLSublimit132</ProductBLSublimit>
                           <ProductMaxIndDuration>ProductMaxIndDuration133</ProductMaxIndDuration>
                           <ProductMaxIndAmount>ProductMaxIndAmount134</ProductMaxIndAmount>
                           <ProductSpecificBondText>ProductSpecificBondText135</ProductSpecificBondText>
                        </Product>
                        <Product>
                           <ProductName>ProductName136</ProductName>
                           <ProductBLSublimit>ProductBLSublimit137</ProductBLSublimit>
                           <ProductMaxIndDuration>ProductMaxIndDuration138</ProductMaxIndDuration>
                           <ProductMaxIndAmount>ProductMaxIndAmount139</ProductMaxIndAmount>
                           <ProductSpecificBondText>ProductSpecificBondText140</ProductSpecificBondText>
                        </Product>
                        <ClassBLSublimit>ClassBLSublimit141</ClassBLSublimit>
                        <ClassMaxIndAmount>ClassMaxIndAmount142</ClassMaxIndAmount>
                        <ClassMaxIndDuration>ClassMaxIndDuration143</ClassMaxIndDuration>
                        <ClassSpecificText>ClassSpecificText144</ClassSpecificText>
                     </BondClass>
                     <BondClass>
                        <Product>
                           <ProductName>ProductName145</ProductName>
                           <ProductBLSublimit>ProductBLSublimit146</ProductBLSublimit>
                           <ProductMaxIndDuration>ProductMaxIndDuration147</ProductMaxIndDuration>
                           <ProductMaxIndAmount>ProductMaxIndAmount148</ProductMaxIndAmount>
                           <ProductSpecificBondText>ProductSpecificBondText149</ProductSpecificBondText>
                        </Product>
                        <Product>
                           <ProductName>ProductName150</ProductName>
                           <ProductBLSublimit>ProductBLSublimit151</ProductBLSublimit>
                           <ProductMaxIndDuration>ProductMaxIndDuration152</ProductMaxIndDuration>
                           <ProductMaxIndAmount>ProductMaxIndAmount153</ProductMaxIndAmount>
                           <ProductSpecificBondText>ProductSpecificBondText154</ProductSpecificBondText>
                        </Product>
                        <Product>
                           <ProductName>ProductName155</ProductName>
                           <ProductBLSublimit>ProductBLSublimit156</ProductBLSublimit>
                           <ProductMaxIndDuration>ProductMaxIndDuration157</ProductMaxIndDuration>
                           <ProductMaxIndAmount>ProductMaxIndAmount158</ProductMaxIndAmount>
                           <ProductSpecificBondText>ProductSpecificBondText159</ProductSpecificBondText>
                        </Product>
                        <ClassBLSublimit>ClassBLSublimit160</ClassBLSublimit>
                        <ClassMaxIndAmount>ClassMaxIndAmount161</ClassMaxIndAmount>
                        <ClassMaxIndDuration>ClassMaxIndDuration162</ClassMaxIndDuration>
                        <ClassSpecificText>ClassSpecificText163</ClassSpecificText>
                     </BondClass>
                     <BondClass>
                        <Product>
                           <ProductName>ProductName164</ProductName>
                           <ProductBLSublimit>ProductBLSublimit165</ProductBLSublimit>
                           <ProductMaxIndDuration>ProductMaxIndDuration166</ProductMaxIndDuration>
                           <ProductMaxIndAmount>ProductMaxIndAmount167</ProductMaxIndAmount>
                           <ProductSpecificBondText>ProductSpecificBondText168</ProductSpecificBondText>
                        </Product>
                        <Product>
                           <ProductName>ProductName169</ProductName>
                           <ProductBLSublimit>ProductBLSublimit170</ProductBLSublimit>
                           <ProductMaxIndDuration>ProductMaxIndDuration171</ProductMaxIndDuration>
                           <ProductMaxIndAmount>ProductMaxIndAmount172</ProductMaxIndAmount>
                           <ProductSpecificBondText>ProductSpecificBondText173</ProductSpecificBondText>
                        </Product>
                        <Product>
                           <ProductName>ProductName174</ProductName>
                           <ProductBLSublimit>ProductBLSublimit175</ProductBLSublimit>
                           <ProductMaxIndDuration>ProductMaxIndDuration176</ProductMaxIndDuration>
                           <ProductMaxIndAmount>ProductMaxIndAmount177</ProductMaxIndAmount>
                           <ProductSpecificBondText>ProductSpecificBondText178</ProductSpecificBondText>
                        </Product>
                        <ClassBLSublimit>ClassBLSublimit179</ClassBLSublimit>
                        <ClassMaxIndAmount>ClassMaxIndAmount180</ClassMaxIndAmount>
                        <ClassMaxIndDuration>ClassMaxIndDuration181</ClassMaxIndDuration>
                        <ClassSpecificText>ClassSpecificText182</ClassSpecificText>
                     </BondClass>
                  </ProposedBLP>
               </BondLineParameters>
               <EconomicalAnalysis>
                  <CreationDate>CreationDate183</CreationDate>
                  <LegalForm>LegalForm184</LegalForm>
                  <ShareHolder>ShareHolder185</ShareHolder>
                  <History>History186</History>
                  <GroupActivity>GroupActivity187</GroupActivity>
                  <MarketStudy>MarketStudy188</MarketStudy>
                  <ExtraInfo>ExtraInfo189</ExtraInfo>
                  <OpinionFinReports>OpinionFinReports190</OpinionFinReports>
                  <OpinionFinElements>OpinionFinElements191</OpinionFinElements>
                  <PerspectiveForNextPeriod>PerspectiveForNextPeriod192</PerspectiveForNextPeriod>
                  <ProvisionalSales>ProvisionalSales193</ProvisionalSales>
                  <InvestmentsAndProject>InvestmentsAndProject194</InvestmentsAndProject>
                  <ExternalSources>ExternalSources195</ExternalSources>
                  <Strengths>Strengths196</Strengths>
                  <Weakness>Weakness197</Weakness>
               </EconomicalAnalysis>
               <History/>
               <UnderwriterOpinion>
                  <ExposureComments>ExposureComments198</ExposureComments>
                  <Motive>Motive199</Motive>
                  <Decisions>Decisions200</Decisions>
                  <Conditions>Conditions201</Conditions>
               </UnderwriterOpinion>
               <UserId>UserId202</UserId>
            </Analysis>
            <AdditionalADFInputs>
               <UserId>UserId203</UserId>
               <UserRole>UserRole204</UserRole>
               <BondId>BondId205</BondId>
               <ButtonType>ButtonType206</ButtonType>
            </AdditionalADFInputs>
         </TaxDutyBond>
      </payload>
   </root2>
   <root2>
      <TaskStatus>TaskStatus207</TaskStatus>
      <payload>
         <TaxDutyBond>
            <CustomerBond>
               <CustomerId>CustomerId208</CustomerId>
               <CustomerName>CustomerName209</CustomerName>
               <CustomerAddress>CustomerAddress210</CustomerAddress>
               <CustomerPostalCode>CustomerPostalCode211</CustomerPostalCode>
               <CustomerCity>CustomerCity212</CustomerCity>
               <CustomerCountry>CustomerCountry213</CustomerCountry>
               <CustomerVAT>CustomerVAT214</CustomerVAT>
               <CustomerStatus>CustomerStatus215</CustomerStatus>
               <CustomerContactName>CustomerContactName216</CustomerContactName>
            </CustomerBond>
            <Analysis>
               <AnalysisId>AnalysisId217</AnalysisId>
               <BondId>BondId218</BondId>
               <CurrentBondingExposure>
                  <GlobalBondingExposure>GlobalBondingExposure219</GlobalBondingExposure>
                  <BondClass>
                     <Product>
                        <ProductName>ProductName220</ProductName>
                        <ProductExposureAmount>ProductExposureAmount221</ProductExposureAmount>
                     </Product>
                     <Product>
                        <ProductName>ProductName222</ProductName>
                        <ProductExposureAmount>ProductExposureAmount223</ProductExposureAmount>
                     </Product>
                     <Product>
                        <ProductName>ProductName224</ProductName>
                        <ProductExposureAmount>ProductExposureAmount225</ProductExposureAmount>
                     </Product>
                     <ClassExposure>ClassExposure226</ClassExposure>
                  </BondClass>
               </CurrentBondingExposure>
               <ReviewLimits>
                  <CurrentReviewLimit>
                     <GlobalRL>GlobalRL227</GlobalRL>
                     <NextReviewDate>NextReviewDate228</NextReviewDate>
                     <BondClass>
                        <Product>
                           <ProductName>ProductName229</ProductName>
                           <ProductReviewLimitAmount>ProductReviewLimitAmount230</ProductReviewLimitAmount>
                        </Product>
                        <Product>
                           <ProductName>ProductName231</ProductName>
                           <ProductReviewLimitAmount>ProductReviewLimitAmount232</ProductReviewLimitAmount>
                        </Product>
                        <Product>
                           <ProductName>ProductName233</ProductName>
                           <ProductReviewLimitAmount>ProductReviewLimitAmount234</ProductReviewLimitAmount>
                        </Product>
                        <ClassReviewLimit>ClassReviewLimit235</ClassReviewLimit>
                     </BondClass>
                     <BondClass>
                        <Product>
                           <ProductName>ProductName236</ProductName>
                           <ProductReviewLimitAmount>ProductReviewLimitAmount237</ProductReviewLimitAmount>
                        </Product>
                        <Product>
                           <ProductName>ProductName238</ProductName>
                           <ProductReviewLimitAmount>ProductReviewLimitAmount239</ProductReviewLimitAmount>
                        </Product>
                        <Product>
                           <ProductName>ProductName240</ProductName>
                           <ProductReviewLimitAmount>ProductReviewLimitAmount241</ProductReviewLimitAmount>
                        </Product>
                        <ClassReviewLimit>ClassReviewLimit242</ClassReviewLimit>
                     </BondClass>
                     <BondClass>
                        <Product>
                           <ProductName>ProductName243</ProductName>
                           <ProductReviewLimitAmount>ProductReviewLimitAmount244</ProductReviewLimitAmount>
                        </Product>
                        <Product>
                           <ProductName>ProductName245</ProductName>
                           <ProductReviewLimitAmount>ProductReviewLimitAmount246</ProductReviewLimitAmount>
                        </Product>
                        <Product>
                           <ProductName>ProductName247</ProductName>
                           <ProductReviewLimitAmount>ProductReviewLimitAmount248</ProductReviewLimitAmount>
                        </Product>
                        <ClassReviewLimit>ClassReviewLimit249</ClassReviewLimit>
                     </BondClass>
                  </CurrentReviewLimit>
                  <ProposedReviewLimit>
                     <GlobalRL>GlobalRL250</GlobalRL>
                     <NextReviewDate>NextReviewDate251</NextReviewDate>
                     <BondClass>
                        <Product>
                           <ProductName>ProductName252</ProductName>
                           <ProductReviewLimitAmount>ProductReviewLimitAmount253</ProductReviewLimitAmount>
                        </Product>
                        <Product>
                           <ProductName>ProductName254</ProductName>
                           <ProductReviewLimitAmount>ProductReviewLimitAmount255</ProductReviewLimitAmount>
                        </Product>
                        <Product>
                           <ProductName>ProductName256</ProductName>
                           <ProductReviewLimitAmount>ProductReviewLimitAmount257</ProductReviewLimitAmount>
                        </Product>
                        <ClassReviewLimit>ClassReviewLimit258</ClassReviewLimit>
                     </BondClass>
                     <BondClass>
                        <Product>
                           <ProductName>ProductName259</ProductName>
                           <ProductReviewLimitAmount>ProductReviewLimitAmount260</ProductReviewLimitAmount>
                        </Product>
                        <Product>
                           <ProductName>ProductName261</ProductName>
                           <ProductReviewLimitAmount>ProductReviewLimitAmount262</ProductReviewLimitAmount>
                        </Product>
                        <Product>
                           <ProductName>ProductName263</ProductName>
                           <ProductReviewLimitAmount>ProductReviewLimitAmount264</ProductReviewLimitAmount>
                        </Product>
                        <ClassReviewLimit>ClassReviewLimit265</ClassReviewLimit>
                     </BondClass>
                     <BondClass>
                        <Product>
                           <ProductName>ProductName266</ProductName>
                           <ProductReviewLimitAmount>ProductReviewLimitAmount267</ProductReviewLimitAmount>
                        </Product>
                        <Product>
                           <ProductName>ProductName268</ProductName>
                           <ProductReviewLimitAmount>ProductReviewLimitAmount269</ProductReviewLimitAmount>
                        </Product>
                        <Product>
                           <ProductName>ProductName270</ProductName>
                           <ProductReviewLimitAmount>ProductReviewLimitAmount271</ProductReviewLimitAmount>
                        </Product>
                        <ClassReviewLimit>ClassReviewLimit272</ClassReviewLimit>
                     </BondClass>
                  </ProposedReviewLimit>
               </ReviewLimits>
               <BondLineParameters>
                  <CurrentBLP>
                     <BondLineAmount>BondLineAmount273</BondLineAmount>
                     <BondClass>
                        <Product>
                           <ProductName>ProductName274</ProductName>
                           <ProductBLSublimit>ProductBLSublimit275</ProductBLSublimit>
                           <ProductMaxIndDuration>ProductMaxIndDuration276</ProductMaxIndDuration>
                           <ProductMaxIndAmount>ProductMaxIndAmount277</ProductMaxIndAmount>
                           <ProductSpecificBondText>ProductSpecificBondText278</ProductSpecificBondText>
                        </Product>
                        <Product>
                           <ProductName>ProductName279</ProductName>
                           <ProductBLSublimit>ProductBLSublimit280</ProductBLSublimit>
                           <ProductMaxIndDuration>ProductMaxIndDuration281</ProductMaxIndDuration>
                           <ProductMaxIndAmount>ProductMaxIndAmount282</ProductMaxIndAmount>
                           <ProductSpecificBondText>ProductSpecificBondText283</ProductSpecificBondText>
                        </Product>
                        <Product>
                           <ProductName>ProductName284</ProductName>
                           <ProductBLSublimit>ProductBLSublimit285</ProductBLSublimit>
                           <ProductMaxIndDuration>ProductMaxIndDuration286</ProductMaxIndDuration>
                           <ProductMaxIndAmount>ProductMaxIndAmount287</ProductMaxIndAmount>
                           <ProductSpecificBondText>ProductSpecificBondText288</ProductSpecificBondText>
                        </Product>
                        <ClassBLSublimit>ClassBLSublimit289</ClassBLSublimit>
                        <ClassMaxIndAmount>ClassMaxIndAmount290</ClassMaxIndAmount>
                        <ClassMaxIndDuration>ClassMaxIndDuration291</ClassMaxIndDuration>
                        <ClassSpecificText>ClassSpecificText292</ClassSpecificText>
                     </BondClass>
                     <BondClass>
                        <Product>
                           <ProductName>ProductName293</ProductName>
                           <ProductBLSublimit>ProductBLSublimit294</ProductBLSublimit>
                           <ProductMaxIndDuration>ProductMaxIndDuration295</ProductMaxIndDuration>
                           <ProductMaxIndAmount>ProductMaxIndAmount296</ProductMaxIndAmount>
                           <ProductSpecificBondText>ProductSpecificBondText297</ProductSpecificBondText>
                        </Product>
                        <Product>
                           <ProductName>ProductName298</ProductName>
                           <ProductBLSublimit>ProductBLSublimit299</ProductBLSublimit>
                           <ProductMaxIndDuration>ProductMaxIndDuration300</ProductMaxIndDuration>
                           <ProductMaxIndAmount>ProductMaxIndAmount301</ProductMaxIndAmount>
                           <ProductSpecificBondText>ProductSpecificBondText302</ProductSpecificBondText>
                        </Product>
                        <Product>
                           <ProductName>ProductName303</ProductName>
                           <ProductBLSublimit>ProductBLSublimit304</ProductBLSublimit>
                           <ProductMaxIndDuration>ProductMaxIndDuration305</ProductMaxIndDuration>
                           <ProductMaxIndAmount>ProductMaxIndAmount306</ProductMaxIndAmount>
                           <ProductSpecificBondText>ProductSpecificBondText307</ProductSpecificBondText>
                        </Product>
                        <ClassBLSublimit>ClassBLSublimit308</ClassBLSublimit>
                        <ClassMaxIndAmount>ClassMaxIndAmount309</ClassMaxIndAmount>
                        <ClassMaxIndDuration>ClassMaxIndDuration310</ClassMaxIndDuration>
                        <ClassSpecificText>ClassSpecificText311</ClassSpecificText>
                     </BondClass>
                     <BondClass>
                        <Product>
                           <ProductName>ProductName312</ProductName>
                           <ProductBLSublimit>ProductBLSublimit313</ProductBLSublimit>
                           <ProductMaxIndDuration>ProductMaxIndDuration314</ProductMaxIndDuration>
                           <ProductMaxIndAmount>ProductMaxIndAmount315</ProductMaxIndAmount>
                           <ProductSpecificBondText>ProductSpecificBondText316</ProductSpecificBondText>
                        </Product>
                        <Product>
                           <ProductName>ProductName317</ProductName>
                           <ProductBLSublimit>ProductBLSublimit318</ProductBLSublimit>
                           <ProductMaxIndDuration>ProductMaxIndDuration319</ProductMaxIndDuration>
                           <ProductMaxIndAmount>ProductMaxIndAmount320</ProductMaxIndAmount>
                           <ProductSpecificBondText>ProductSpecificBondText321</ProductSpecificBondText>
                        </Product>
                        <Product>
                           <ProductName>ProductName322</ProductName>
                           <ProductBLSublimit>ProductBLSublimit323</ProductBLSublimit>
                           <ProductMaxIndDuration>ProductMaxIndDuration324</ProductMaxIndDuration>
                           <ProductMaxIndAmount>ProductMaxIndAmount325</ProductMaxIndAmount>
                           <ProductSpecificBondText>ProductSpecificBondText326</ProductSpecificBondText>
                        </Product>
                        <ClassBLSublimit>ClassBLSublimit327</ClassBLSublimit>
                        <ClassMaxIndAmount>ClassMaxIndAmount328</ClassMaxIndAmount>
                        <ClassMaxIndDuration>ClassMaxIndDuration329</ClassMaxIndDuration>
                        <ClassSpecificText>ClassSpecificText330</ClassSpecificText>
                     </BondClass>
                  </CurrentBLP>
                  <ProposedBLP>
                     <BondLineAmount>BondLineAmount331</BondLineAmount>
                     <BondClass>
                        <Product>
                           <ProductName>ProductName332</ProductName>
                           <ProductBLSublimit>ProductBLSublimit333</ProductBLSublimit>
                           <ProductMaxIndDuration>ProductMaxIndDuration334</ProductMaxIndDuration>
                           <ProductMaxIndAmount>ProductMaxIndAmount335</ProductMaxIndAmount>
                           <ProductSpecificBondText>ProductSpecificBondText336</ProductSpecificBondText>
                        </Product>
                        <Product>
                           <ProductName>ProductName337</ProductName>
                           <ProductBLSublimit>ProductBLSublimit338</ProductBLSublimit>
                           <ProductMaxIndDuration>ProductMaxIndDuration339</ProductMaxIndDuration>
                           <ProductMaxIndAmount>ProductMaxIndAmount340</ProductMaxIndAmount>
                           <ProductSpecificBondText>ProductSpecificBondText341</ProductSpecificBondText>
                        </Product>
                        <Product>
                           <ProductName>ProductName342</ProductName>
                           <ProductBLSublimit>ProductBLSublimit343</ProductBLSublimit>
                           <ProductMaxIndDuration>ProductMaxIndDuration344</ProductMaxIndDuration>
                           <ProductMaxIndAmount>ProductMaxIndAmount345</ProductMaxIndAmount>
                           <ProductSpecificBondText>ProductSpecificBondText346</ProductSpecificBondText>
                        </Product>
                        <ClassBLSublimit>ClassBLSublimit347</ClassBLSublimit>
                        <ClassMaxIndAmount>ClassMaxIndAmount348</ClassMaxIndAmount>
                        <ClassMaxIndDuration>ClassMaxIndDuration349</ClassMaxIndDuration>
                        <ClassSpecificText>ClassSpecificText350</ClassSpecificText>
                     </BondClass>
                     <BondClass>
                        <Product>
                           <ProductName>ProductName351</ProductName>
                           <ProductBLSublimit>ProductBLSublimit352</ProductBLSublimit>
                           <ProductMaxIndDuration>ProductMaxIndDuration353</ProductMaxIndDuration>
                           <ProductMaxIndAmount>ProductMaxIndAmount354</ProductMaxIndAmount>
                           <ProductSpecificBondText>ProductSpecificBondText355</ProductSpecificBondText>
                        </Product>
                        <Product>
                           <ProductName>ProductName356</ProductName>
                           <ProductBLSublimit>ProductBLSublimit357</ProductBLSublimit>
                           <ProductMaxIndDuration>ProductMaxIndDuration358</ProductMaxIndDuration>
                           <ProductMaxIndAmount>ProductMaxIndAmount359</ProductMaxIndAmount>
                           <ProductSpecificBondText>ProductSpecificBondText360</ProductSpecificBondText>
                        </Product>
                        <Product>
                           <ProductName>ProductName361</ProductName>
                           <ProductBLSublimit>ProductBLSublimit362</ProductBLSublimit>
                           <ProductMaxIndDuration>ProductMaxIndDuration363</ProductMaxIndDuration>
                           <ProductMaxIndAmount>ProductMaxIndAmount364</ProductMaxIndAmount>
                           <ProductSpecificBondText>ProductSpecificBondText365</ProductSpecificBondText>
                        </Product>
                        <ClassBLSublimit>ClassBLSublimit366</ClassBLSublimit>
                        <ClassMaxIndAmount>ClassMaxIndAmount367</ClassMaxIndAmount>
                        <ClassMaxIndDuration>ClassMaxIndDuration368</ClassMaxIndDuration>
                        <ClassSpecificText>ClassSpecificText369</ClassSpecificText>
                     </BondClass>
                     <BondClass>
                        <Product>
                           <ProductName>ProductName370</ProductName>
                           <ProductBLSublimit>ProductBLSublimit371</ProductBLSublimit>
                           <ProductMaxIndDuration>ProductMaxIndDuration372</ProductMaxIndDuration>
                           <ProductMaxIndAmount>ProductMaxIndAmount373</ProductMaxIndAmount>
                           <ProductSpecificBondText>ProductSpecificBondText374</ProductSpecificBondText>
                        </Product>
                        <Product>
                           <ProductName>ProductName375</ProductName>
                           <ProductBLSublimit>ProductBLSublimit376</ProductBLSublimit>
                           <ProductMaxIndDuration>ProductMaxIndDuration377</ProductMaxIndDuration>
                           <ProductMaxIndAmount>ProductMaxIndAmount378</ProductMaxIndAmount>
                           <ProductSpecificBondText>ProductSpecificBondText379</ProductSpecificBondText>
                        </Product>
                        <Product>
                           <ProductName>ProductName380</ProductName>
                           <ProductBLSublimit>ProductBLSublimit381</ProductBLSublimit>
                           <ProductMaxIndDuration>ProductMaxIndDuration382</ProductMaxIndDuration>
                           <ProductMaxIndAmount>ProductMaxIndAmount383</ProductMaxIndAmount>
                           <ProductSpecificBondText>ProductSpecificBondText384</ProductSpecificBondText>
                        </Product>
                        <ClassBLSublimit>ClassBLSublimit385</ClassBLSublimit>
                        <ClassMaxIndAmount>ClassMaxIndAmount386</ClassMaxIndAmount>
                        <ClassMaxIndDuration>ClassMaxIndDuration387</ClassMaxIndDuration>
                        <ClassSpecificText>ClassSpecificText388</ClassSpecificText>
                     </BondClass>
                  </ProposedBLP>
               </BondLineParameters>
               <EconomicalAnalysis>
                  <CreationDate>CreationDate389</CreationDate>
                  <LegalForm>LegalForm390</LegalForm>
                  <ShareHolder>ShareHolder391</ShareHolder>
                  <History>History392</History>
                  <GroupActivity>GroupActivity393</GroupActivity>
                  <MarketStudy>MarketStudy394</MarketStudy>
                  <ExtraInfo>ExtraInfo395</ExtraInfo>
                  <OpinionFinReports>OpinionFinReports396</OpinionFinReports>
                  <OpinionFinElements>OpinionFinElements397</OpinionFinElements>
                  <PerspectiveForNextPeriod>PerspectiveForNextPeriod398</PerspectiveForNextPeriod>
                  <ProvisionalSales>ProvisionalSales399</ProvisionalSales>
                  <InvestmentsAndProject>InvestmentsAndProject400</InvestmentsAndProject>
                  <ExternalSources>ExternalSources401</ExternalSources>
                  <Strengths>Strengths402</Strengths>
                  <Weakness>Weakness403</Weakness>
               </EconomicalAnalysis>
               <History/>
               <UnderwriterOpinion>
                  <ExposureComments>ExposureComments404</ExposureComments>
                  <Motive>Motive405</Motive>
                  <Decisions>Decisions406</Decisions>
                  <Conditions>Conditions407</Conditions>
               </UnderwriterOpinion>
               <UserId>UserId408</UserId>
            </Analysis>
            <AdditionalADFInputs>
               <UserId>UserId409</UserId>
               <UserRole>UserRole410</UserRole>
               <BondId>BondId411</BondId>
               <ButtonType>ButtonType412</ButtonType>
            </AdditionalADFInputs>
         </TaxDutyBond>
      </payload>
   </root2>
   <root2>
      <TaskStatus>TaskStatus413</TaskStatus>
      <payload>
         <TaxDutyBond>
            <CustomerBond>
               <CustomerId>CustomerId414</CustomerId>
               <CustomerName>CustomerName415</CustomerName>
               <CustomerAddress>CustomerAddress416</CustomerAddress>
               <CustomerPostalCode>CustomerPostalCode417</CustomerPostalCode>
               <CustomerCity>CustomerCity418</CustomerCity>
               <CustomerCountry>CustomerCountry419</CustomerCountry>
               <CustomerVAT>CustomerVAT420</CustomerVAT>
               <CustomerStatus>CustomerStatus421</CustomerStatus>
               <CustomerContactName>CustomerContactName422</CustomerContactName>
            </CustomerBond>
            <Analysis>
               <AnalysisId>AnalysisId423</AnalysisId>
               <BondId>BondId424</BondId>
               <CurrentBondingExposure>
                  <GlobalBondingExposure>GlobalBondingExposure425</GlobalBondingExposure>
                  <BondClass>
                     <Product>
                        <ProductName>ProductName426</ProductName>
                        <ProductExposureAmount>ProductExposureAmount427</ProductExposureAmount>
                     </Product>
                     <Product>
                        <ProductName>ProductName428</ProductName>
                        <ProductExposureAmount>ProductExposureAmount429</ProductExposureAmount>
                     </Product>
                     <Product>
                        <ProductName>ProductName430</ProductName>
                        <ProductExposureAmount>ProductExposureAmount431</ProductExposureAmount>
                     </Product>
                     <ClassExposure>ClassExposure432</ClassExposure>
                  </BondClass>
               </CurrentBondingExposure>
               <ReviewLimits>
                  <CurrentReviewLimit>
                     <GlobalRL>GlobalRL433</GlobalRL>
                     <NextReviewDate>NextReviewDate434</NextReviewDate>
                     <BondClass>
                        <Product>
                           <ProductName>ProductName435</ProductName>
                           <ProductReviewLimitAmount>ProductReviewLimitAmount436</ProductReviewLimitAmount>
                        </Product>
                        <Product>
                           <ProductName>ProductName437</ProductName>
                           <ProductReviewLimitAmount>ProductReviewLimitAmount438</ProductReviewLimitAmount>
                        </Product>
                        <Product>
                           <ProductName>ProductName439</ProductName>
                           <ProductReviewLimitAmount>ProductReviewLimitAmount440</ProductReviewLimitAmount>
                        </Product>
                        <ClassReviewLimit>ClassReviewLimit441</ClassReviewLimit>
                     </BondClass>
                     <BondClass>
                        <Product>
                           <ProductName>ProductName442</ProductName>
                           <ProductReviewLimitAmount>ProductReviewLimitAmount443</ProductReviewLimitAmount>
                        </Product>
                        <Product>
                           <ProductName>ProductName444</ProductName>
                           <ProductReviewLimitAmount>ProductReviewLimitAmount445</ProductReviewLimitAmount>
                        </Product>
                        <Product>
                           <ProductName>ProductName446</ProductName>
                           <ProductReviewLimitAmount>ProductReviewLimitAmount447</ProductReviewLimitAmount>
                        </Product>
                        <ClassReviewLimit>ClassReviewLimit448</ClassReviewLimit>
                     </BondClass>
                     <BondClass>
                        <Product>
                           <ProductName>ProductName449</ProductName>
                           <ProductReviewLimitAmount>ProductReviewLimitAmount450</ProductReviewLimitAmount>
                        </Product>
                        <Product>
                           <ProductName>ProductName451</ProductName>
                           <ProductReviewLimitAmount>ProductReviewLimitAmount452</ProductReviewLimitAmount>
                        </Product>
                        <Product>
                           <ProductName>ProductName453</ProductName>
                           <ProductReviewLimitAmount>ProductReviewLimitAmount454</ProductReviewLimitAmount>
                        </Product>
                        <ClassReviewLimit>ClassReviewLimit455</ClassReviewLimit>
                     </BondClass>
                  </CurrentReviewLimit>
                  <ProposedReviewLimit>
                     <GlobalRL>GlobalRL456</GlobalRL>
                     <NextReviewDate>NextReviewDate457</NextReviewDate>
                     <BondClass>
                        <Product>
                           <ProductName>ProductName458</ProductName>
                           <ProductReviewLimitAmount>ProductReviewLimitAmount459</ProductReviewLimitAmount>
                        </Product>
                        <Product>
                           <ProductName>ProductName460</ProductName>
                           <ProductReviewLimitAmount>ProductReviewLimitAmount461</ProductReviewLimitAmount>
                        </Product>
                        <Product>
                           <ProductName>ProductName462</ProductName>
                           <ProductReviewLimitAmount>ProductReviewLimitAmount463</ProductReviewLimitAmount>
                        </Product>
                        <ClassReviewLimit>ClassReviewLimit464</ClassReviewLimit>
                     </BondClass>
                     <BondClass>
                        <Product>
                           <ProductName>ProductName465</ProductName>
                           <ProductReviewLimitAmount>ProductReviewLimitAmount466</ProductReviewLimitAmount>
                        </Product>
                        <Product>
                           <ProductName>ProductName467</ProductName>
                           <ProductReviewLimitAmount>ProductReviewLimitAmount468</ProductReviewLimitAmount>
                        </Product>
                        <Product>
                           <ProductName>ProductName469</ProductName>
                           <ProductReviewLimitAmount>ProductReviewLimitAmount470</ProductReviewLimitAmount>
                        </Product>
                        <ClassReviewLimit>ClassReviewLimit471</ClassReviewLimit>
                     </BondClass>
                     <BondClass>
                        <Product>
                           <ProductName>ProductName472</ProductName>
                           <ProductReviewLimitAmount>ProductReviewLimitAmount473</ProductReviewLimitAmount>
                        </Product>
                        <Product>
                           <ProductName>ProductName474</ProductName>
                           <ProductReviewLimitAmount>ProductReviewLimitAmount475</ProductReviewLimitAmount>
                        </Product>
                        <Product>
                           <ProductName>ProductName476</ProductName>
                           <ProductReviewLimitAmount>ProductReviewLimitAmount477</ProductReviewLimitAmount>
                        </Product>
                        <ClassReviewLimit>ClassReviewLimit478</ClassReviewLimit>
                     </BondClass>
                  </ProposedReviewLimit>
               </ReviewLimits>
               <BondLineParameters>
                  <CurrentBLP>
                     <BondLineAmount>BondLineAmount479</BondLineAmount>
                     <BondClass>
                        <Product>
                           <ProductName>ProductName480</ProductName>
                           <ProductBLSublimit>ProductBLSublimit481</ProductBLSublimit>
                           <ProductMaxIndDuration>ProductMaxIndDuration482</ProductMaxIndDuration>
                           <ProductMaxIndAmount>ProductMaxIndAmount483</ProductMaxIndAmount>
                           <ProductSpecificBondText>ProductSpecificBondText484</ProductSpecificBondText>
                        </Product>
                        <Product>
                           <ProductName>ProductName485</ProductName>
                           <ProductBLSublimit>ProductBLSublimit486</ProductBLSublimit>
                           <ProductMaxIndDuration>ProductMaxIndDuration487</ProductMaxIndDuration>
                           <ProductMaxIndAmount>ProductMaxIndAmount488</ProductMaxIndAmount>
                           <ProductSpecificBondText>ProductSpecificBondText489</ProductSpecificBondText>
                        </Product>
                        <Product>
                           <ProductName>ProductName490</ProductName>
                           <ProductBLSublimit>ProductBLSublimit491</ProductBLSublimit>
                           <ProductMaxIndDuration>ProductMaxIndDuration492</ProductMaxIndDuration>
                           <ProductMaxIndAmount>ProductMaxIndAmount493</ProductMaxIndAmount>
                           <ProductSpecificBondText>ProductSpecificBondText494</ProductSpecificBondText>
                        </Product>
                        <ClassBLSublimit>ClassBLSublimit495</ClassBLSublimit>
                        <ClassMaxIndAmount>ClassMaxIndAmount496</ClassMaxIndAmount>
                        <ClassMaxIndDuration>ClassMaxIndDuration497</ClassMaxIndDuration>
                        <ClassSpecificText>ClassSpecificText498</ClassSpecificText>
                     </BondClass>
                     <BondClass>
                        <Product>
                           <ProductName>ProductName499</ProductName>
                           <ProductBLSublimit>ProductBLSublimit500</ProductBLSublimit>
                           <ProductMaxIndDuration>ProductMaxIndDuration501</ProductMaxIndDuration>
                           <ProductMaxIndAmount>ProductMaxIndAmount502</ProductMaxIndAmount>
                           <ProductSpecificBondText>ProductSpecificBondText503</ProductSpecificBondText>
                        </Product>
                        <Product>
                           <ProductName>ProductName504</ProductName>
                           <ProductBLSublimit>ProductBLSublimit505</ProductBLSublimit>
                           <ProductMaxIndDuration>ProductMaxIndDuration506</ProductMaxIndDuration>
                           <ProductMaxIndAmount>ProductMaxIndAmount507</ProductMaxIndAmount>
                           <ProductSpecificBondText>ProductSpecificBondText508</ProductSpecificBondText>
                        </Product>
                        <Product>
                           <ProductName>ProductName509</ProductName>
                           <ProductBLSublimit>ProductBLSublimit510</ProductBLSublimit>
                           <ProductMaxIndDuration>ProductMaxIndDuration511</ProductMaxIndDuration>
                           <ProductMaxIndAmount>ProductMaxIndAmount512</ProductMaxIndAmount>
                           <ProductSpecificBondText>ProductSpecificBondText513</ProductSpecificBondText>
                        </Product>
                        <ClassBLSublimit>ClassBLSublimit514</ClassBLSublimit>
                        <ClassMaxIndAmount>ClassMaxIndAmount515</ClassMaxIndAmount>
                        <ClassMaxIndDuration>ClassMaxIndDuration516</ClassMaxIndDuration>
                        <ClassSpecificText>ClassSpecificText517</ClassSpecificText>
                     </BondClass>
                     <BondClass>
                        <Product>
                           <ProductName>ProductName518</ProductName>
                           <ProductBLSublimit>ProductBLSublimit519</ProductBLSublimit>
                           <ProductMaxIndDuration>ProductMaxIndDuration520</ProductMaxIndDuration>
                           <ProductMaxIndAmount>ProductMaxIndAmount521</ProductMaxIndAmount>
                           <ProductSpecificBondText>ProductSpecificBondText522</ProductSpecificBondText>
                        </Product>
                        <Product>
                           <ProductName>ProductName523</ProductName>
                           <ProductBLSublimit>ProductBLSublimit524</ProductBLSublimit>
                           <ProductMaxIndDuration>ProductMaxIndDuration525</ProductMaxIndDuration>
                           <ProductMaxIndAmount>ProductMaxIndAmount526</ProductMaxIndAmount>
                           <ProductSpecificBondText>ProductSpecificBondText527</ProductSpecificBondText>
                        </Product>
                        <Product>
                           <ProductName>ProductName528</ProductName>
                           <ProductBLSublimit>ProductBLSublimit529</ProductBLSublimit>
                           <ProductMaxIndDuration>ProductMaxIndDuration530</ProductMaxIndDuration>
                           <ProductMaxIndAmount>ProductMaxIndAmount531</ProductMaxIndAmount>
                           <ProductSpecificBondText>ProductSpecificBondText532</ProductSpecificBondText>
                        </Product>
                        <ClassBLSublimit>ClassBLSublimit533</ClassBLSublimit>
                        <ClassMaxIndAmount>ClassMaxIndAmount534</ClassMaxIndAmount>
                        <ClassMaxIndDuration>ClassMaxIndDuration535</ClassMaxIndDuration>
                        <ClassSpecificText>ClassSpecificText536</ClassSpecificText>
                     </BondClass>
                  </CurrentBLP>
                  <ProposedBLP>
                     <BondLineAmount>BondLineAmount537</BondLineAmount>
                     <BondClass>
                        <Product>
                           <ProductName>ProductName538</ProductName>
                           <ProductBLSublimit>ProductBLSublimit539</ProductBLSublimit>
                           <ProductMaxIndDuration>ProductMaxIndDuration540</ProductMaxIndDuration>
                           <ProductMaxIndAmount>ProductMaxIndAmount541</ProductMaxIndAmount>
                           <ProductSpecificBondText>ProductSpecificBondText542</ProductSpecificBondText>
                        </Product>
                        <Product>
                           <ProductName>ProductName543</ProductName>
                           <ProductBLSublimit>ProductBLSublimit544</ProductBLSublimit>
                           <ProductMaxIndDuration>ProductMaxIndDuration545</ProductMaxIndDuration>
                           <ProductMaxIndAmount>ProductMaxIndAmount546</ProductMaxIndAmount>
                           <ProductSpecificBondText>ProductSpecificBondText547</ProductSpecificBondText>
                        </Product>
                        <Product>
                           <ProductName>ProductName548</ProductName>
                           <ProductBLSublimit>ProductBLSublimit549</ProductBLSublimit>
                           <ProductMaxIndDuration>ProductMaxIndDuration550</ProductMaxIndDuration>
                           <ProductMaxIndAmount>ProductMaxIndAmount551</ProductMaxIndAmount>
                           <ProductSpecificBondText>ProductSpecificBondText552</ProductSpecificBondText>
                        </Product>
                        <ClassBLSublimit>ClassBLSublimit553</ClassBLSublimit>
                        <ClassMaxIndAmount>ClassMaxIndAmount554</ClassMaxIndAmount>
                        <ClassMaxIndDuration>ClassMaxIndDuration555</ClassMaxIndDuration>
                        <ClassSpecificText>ClassSpecificText556</ClassSpecificText>
                     </BondClass>
                     <BondClass>
                        <Product>
                           <ProductName>ProductName557</ProductName>
                           <ProductBLSublimit>ProductBLSublimit558</ProductBLSublimit>
                           <ProductMaxIndDuration>ProductMaxIndDuration559</ProductMaxIndDuration>
                           <ProductMaxIndAmount>ProductMaxIndAmount560</ProductMaxIndAmount>
                           <ProductSpecificBondText>ProductSpecificBondText561</ProductSpecificBondText>
                        </Product>
                        <Product>
                           <ProductName>ProductName562</ProductName>
                           <ProductBLSublimit>ProductBLSublimit563</ProductBLSublimit>
                           <ProductMaxIndDuration>ProductMaxIndDuration564</ProductMaxIndDuration>
                           <ProductMaxIndAmount>ProductMaxIndAmount565</ProductMaxIndAmount>
                           <ProductSpecificBondText>ProductSpecificBondText566</ProductSpecificBondText>
                        </Product>
                        <Product>
                           <ProductName>ProductName567</ProductName>
                           <ProductBLSublimit>ProductBLSublimit568</ProductBLSublimit>
                           <ProductMaxIndDuration>ProductMaxIndDuration569</ProductMaxIndDuration>
                           <ProductMaxIndAmount>ProductMaxIndAmount570</ProductMaxIndAmount>
                           <ProductSpecificBondText>ProductSpecificBondText571</ProductSpecificBondText>
                        </Product>
                        <ClassBLSublimit>ClassBLSublimit572</ClassBLSublimit>
                        <ClassMaxIndAmount>ClassMaxIndAmount573</ClassMaxIndAmount>
                        <ClassMaxIndDuration>ClassMaxIndDuration574</ClassMaxIndDuration>
                        <ClassSpecificText>ClassSpecificText575</ClassSpecificText>
                     </BondClass>
                     <BondClass>
                        <Product>
                           <ProductName>ProductName576</ProductName>
                           <ProductBLSublimit>ProductBLSublimit577</ProductBLSublimit>
                           <ProductMaxIndDuration>ProductMaxIndDuration578</ProductMaxIndDuration>
                           <ProductMaxIndAmount>ProductMaxIndAmount579</ProductMaxIndAmount>
                           <ProductSpecificBondText>ProductSpecificBondText580</ProductSpecificBondText>
                        </Product>
                        <Product>
                           <ProductName>ProductName581</ProductName>
                           <ProductBLSublimit>ProductBLSublimit582</ProductBLSublimit>
                           <ProductMaxIndDuration>ProductMaxIndDuration583</ProductMaxIndDuration>
                           <ProductMaxIndAmount>ProductMaxIndAmount584</ProductMaxIndAmount>
                           <ProductSpecificBondText>ProductSpecificBondText585</ProductSpecificBondText>
                        </Product>
                        <Product>
                           <ProductName>ProductName586</ProductName>
                           <ProductBLSublimit>ProductBLSublimit587</ProductBLSublimit>
                           <ProductMaxIndDuration>ProductMaxIndDuration588</ProductMaxIndDuration>
                           <ProductMaxIndAmount>ProductMaxIndAmount589</ProductMaxIndAmount>
                           <ProductSpecificBondText>ProductSpecificBondText590</ProductSpecificBondText>
                        </Product>
                        <ClassBLSublimit>ClassBLSublimit591</ClassBLSublimit>
                        <ClassMaxIndAmount>ClassMaxIndAmount592</ClassMaxIndAmount>
                        <ClassMaxIndDuration>ClassMaxIndDuration593</ClassMaxIndDuration>
                        <ClassSpecificText>ClassSpecificText594</ClassSpecificText>
                     </BondClass>
                  </ProposedBLP>
               </BondLineParameters>
               <EconomicalAnalysis>
                  <CreationDate>CreationDate595</CreationDate>
                  <LegalForm>LegalForm596</LegalForm>
                  <ShareHolder>ShareHolder597</ShareHolder>
                  <History>History598</History>
                  <GroupActivity>GroupActivity599</GroupActivity>
                  <MarketStudy>MarketStudy600</MarketStudy>
                  <ExtraInfo>ExtraInfo601</ExtraInfo>
                  <OpinionFinReports>OpinionFinReports602</OpinionFinReports>
                  <OpinionFinElements>OpinionFinElements603</OpinionFinElements>
                  <PerspectiveForNextPeriod>PerspectiveForNextPeriod604</PerspectiveForNextPeriod>
                  <ProvisionalSales>ProvisionalSales605</ProvisionalSales>
                  <InvestmentsAndProject>InvestmentsAndProject606</InvestmentsAndProject>
                  <ExternalSources>ExternalSources607</ExternalSources>
                  <Strengths>Strengths608</Strengths>
                  <Weakness>Weakness609</Weakness>
               </EconomicalAnalysis>
               <History/>
               <UnderwriterOpinion>
                  <ExposureComments>ExposureComments610</ExposureComments>
                  <Motive>Motive611</Motive>
                  <Decisions>Decisions612</Decisions>
                  <Conditions>Conditions613</Conditions>
               </UnderwriterOpinion>
               <UserId>UserId614</UserId>
            </Analysis>
            <AdditionalADFInputs>
               <UserId>UserId615</UserId>
               <UserRole>UserRole616</UserRole>
               <BondId>BondId617</BondId>
               <ButtonType>ButtonType618</ButtonType>
            </AdditionalADFInputs>
         </TaxDutyBond>
      </payload>
   </root2>
</root>
