<?xml version = '1.0' encoding = 'UTF-8'?>
<root xmlns="https://test.com">
   <root2>
      <TaskStatus>COMPLETED</TaskStatus>
      <payload>
         <TaxDutyBond>
            <CustomerBond>
               <CustomerId>testfuw123</CustomerId>
               <PolicyDtl>
                  <BondDtl>
                     <BondId>231</BondId>
                     <BondStatus>APPROVED</BondStatus>
                  </BondDtl>
               </PolicyDtl>
            </CustomerBond>
            <Analysis>
               <UnderwriterOpinion>
                  <Decisions>APPROVED AS SUBMITTED</Decisions>
               </UnderwriterOpinion>
            </Analysis>
            <AdditionalADFInputs>
               <UserId>testfuw123</UserId>
               <UserRole>FUW</UserRole>
               <BondId>231</BondId>
               <ButtonType>SUBMIT</ButtonType>
            </AdditionalADFInputs>
         </TaxDutyBond>
         <FUWReviewOutcome/>
      </payload>
   </root2>
   <root2>
      <TaskStatus>COMPLETED</TaskStatus>
      <payload>
         <TaxDutyBond>
            <CustomerBond>
               <CustomerId>testfuw123</CustomerId>
               <PolicyDtl>
                  <BondDtl>
                     <BondId>232</BondId>
                     <BondStatus>APPROVED</BondStatus>
                  </BondDtl>
               </PolicyDtl>
            </CustomerBond>
            <Analysis>
               <UnderwriterOpinion/>
            </Analysis>
            <AdditionalADFInputs>
               <UserId>testfuw123</UserId>
               <UserRole>FUW</UserRole>
               <BondId>232</BondId>
               <ButtonType>SUBMIT</ButtonType>
            </AdditionalADFInputs>
         </TaxDutyBond>
         <FUWReviewOutcome/>
      </payload>
   </root2>
   <root2>
      <TaskStatus>COMPLETED</TaskStatus>
      <payload>
         <TaxDutyBond>
            <CustomerBond>
               <CustomerId>testfuw123</CustomerId>
               <PolicyDtl>
                  <BondDtl>
                     <BondId>233</BondId>
                     <ProductId>
                        <BondAmount>1500000000</BondAmount>
                     </ProductId>
                     <BondStatus>REQUESTED</BondStatus>
                  </BondDtl>
               </PolicyDtl>
            </CustomerBond>
            <Analysis>
               <UnderwriterOpinion>
                  <Decisions>APPROVED AS SUBMITTED</Decisions>
               </UnderwriterOpinion>
            </Analysis>
            <AdditionalADFInputs>
               <UserId>testfuw123</UserId>
               <UserRole>FUW</UserRole>
               <BondId>233</BondId>
               <ButtonType>SUBMIT</ButtonType>
            </AdditionalADFInputs>
         </TaxDutyBond>
         <FUWReviewOutcome/>
      </payload>
   </root2>
   <root2>
      <TaskStatus>COMPLETED</TaskStatus>
      <payload>
         <TaxDutyBond>
            <CustomerBond>
               <CustomerId>testfuw123</CustomerId>
               <PolicyDtl>
                  <BondDtl>
                     <BondId>234</BondId>
                     <ProductId>
                        <BondAmount/>
                     </ProductId>
                     <BondStatus>REQUESTED</BondStatus>
                  </BondDtl>
               </PolicyDtl>
            </CustomerBond>
            <Analysis>
               <UnderwriterOpinion>
                  <Decisions>APPROVED AS SUBMITTED</Decisions>
               </UnderwriterOpinion>
            </Analysis>
            <AdditionalADFInputs>
               <UserId>testfuw123</UserId>
               <UserRole>FUW</UserRole>
               <BondId>234</BondId>
               <ButtonType>SUBMIT</ButtonType>
            </AdditionalADFInputs>
         </TaxDutyBond>
         <FUWReviewOutcome/>
      </payload>
   </root2>
   <root2>
      <TaskStatus>COMPLETED</TaskStatus>
      <payload>
         <TaxDutyBond>
            <CustomerBond>
               <CustomerId>testfuw123</CustomerId>
               <PolicyDtl>
                  <BondDtl>
                     <BondId>235</BondId>
                     <ProductId>
                        <BondAmount/>
                     </ProductId>
                     <BondStatus>REQUESTED</BondStatus>
                  </BondDtl>
               </PolicyDtl>
            </CustomerBond>
            <Analysis>
               <UnderwriterOpinion>
                  <Decisions>APPROVED AS SUBMITTED</Decisions>
               </UnderwriterOpinion>
            </Analysis>
            <AdditionalADFInputs>
               <UserId>testfuw123</UserId>
               <UserRole>FUW</UserRole>
               <BondId>235</BondId>
               <ButtonType>SUBMIT</ButtonType>
            </AdditionalADFInputs>
         </TaxDutyBond>
         <FUWReviewOutcome/>
      </payload>
   </root2>
   <root2>
      <TaskStatus>COMPLETED</TaskStatus>
      <payload>
         <TaxDutyBond>
            <CustomerBond>
               <CustomerId>testfuw123</CustomerId>
               <PolicyDtl>
                  <BondDtl>
                     <BondId>236</BondId>
                     <ProductId>
                        <BondAmount>20000</BondAmount>
                     </ProductId>
                     <BondStatus>REQUESTED</BondStatus>
                  </BondDtl>
               </PolicyDtl>
            </CustomerBond>
            <Analysis>
               <UnderwriterOpinion>
                  <Decisions>APPROVED AS SUBMITTED</Decisions>
               </UnderwriterOpinion>
            </Analysis>
            <AdditionalADFInputs>
               <UserId>testfuw123</UserId>
               <UserRole>FUW</UserRole>
               <BondId>236</BondId>
               <ButtonType>SUBMIT</ButtonType>
            </AdditionalADFInputs>
         </TaxDutyBond>
         <FUWReviewOutcome/>
      </payload>
   </root2>
   <root2>
      <TaskStatus>COMPLETED</TaskStatus>
      <payload>
         <TaxDutyBond>
            <CustomerBond>
               <CustomerId>testfuw123</CustomerId>
               <PolicyDtl>
                  <BondDtl>
                     <BondId>237</BondId>
                     <ProductId>
                        <BondAmount>20000000</BondAmount>
                     </ProductId>
                     <BondStatus>REQUESTED</BondStatus>
                  </BondDtl>
               </PolicyDtl>
            </CustomerBond>
            <Analysis>
               <UnderwriterOpinion>
                  <Decisions>APPROVED AS SUBMITTED</Decisions>
               </UnderwriterOpinion>
            </Analysis>
            <AdditionalADFInputs>
               <UserId>testfuw123</UserId>
               <UserRole>FUW</UserRole>
               <BondId>237</BondId>
               <ButtonType>SUBMIT</ButtonType>
            </AdditionalADFInputs>
         </TaxDutyBond>
         <FUWReviewOutcome/>
      </payload>
   </root2>
</root>
