<?xml version="1.0" encoding="UTF-8"?>
<SOAConfigPlan xmlns:jca="http://platform.integration.oracle/blocks/adapter/fw/metadata" xmlns:wsp="http://schemas.xmlsoap.org/ws/2004/09/policy" xmlns:orawsp="http://schemas.oracle.com/ws/2006/01/policy" xmlns:edl="http://schemas.oracle.com/events/edl" xmlns="http://schemas.oracle.com/soa/configplan">
   <composite name="UpdateTaskActivityService">
      <!--Add search and replace rules for the import section of a composite
	Example:
	<searchReplace>
		<search>http://my-dev-server</search>
		<replace>http://my-test-server</replace>
	<searchReplace>
	<searchReplace>
		<search>8888</search>
		<replace>8889</replace>
	<searchReplace>-->
      <import>
         <searchReplace>
            <search/>
            <replace/>
         </searchReplace>
      </import>
      <service name="UpdateTaskActivityWS">
         <!--Add search and replace rules for the binding properties-->
         <binding type="ws">
            <attribute name="port">
               <replace>http://oracle.com/sca/soapservice/AtradiusUtilityApplication2/UpdateTaskActivityService/UpdateTaskActivityWS#wsdl.endpoint(UpdateTaskActivityWS/execute_pt)</replace>
            </attribute>
            <property name="weblogic.wsee.wsat.transaction.flowOption">
               <replace>NEVER</replace>
            </property>
         </binding>
      </service>
      <property name="productVersion">
         <replace>12.2.1.2.0.161003</replace>
      </property>
      <property name="compositeID">
         <replace>dccbf244-5927-4e91-b41b-733ddb8b49d7</replace>
      </property>
      <!--Add search and replace rules for the component properties
	For components and service/reference bindings, you can add policy references.
	Example:
	<component name="*">
		<wsp:PolicyReference orawsp:category="management" orawsp:status="enabled" URI="oracle/log_policy"/>
	</component>-->
      <component name="UpdateTaskActivityBPELProcess">
         <property name="bpel.config.transaction">
            <replace>required</replace>
         </property>
      </component>
      <reference name="QueryTaskService">
         <!--Add search and replace rules for the binding properties-->
         <binding type="ws">
            <attribute name="port">
               <replace>http://xmlns.oracle.com/bpel/workflow/taskQueryService#wsdl.endpoint(TaskQueryService/TaskQueryServicePort)</replace>
            </attribute>
            <attribute name="location">
               <replace>http://184.170.237.13:7005/integration/services/TaskQueryService/TaskQueryService?WSDL</replace>
            </attribute>
            <property name="weblogic.wsee.wsat.transaction.flowOption">
               <replace>WSDLDriven</replace>
            </property>
         </binding>
         <binding type="ws">
            <attribute name="port">
               <replace>http://xmlns.oracle.com/bpel/workflow/taskQueryService#wsdl.endpoint(TaskQueryService/TaskQueryServicePortSAML)</replace>
            </attribute>
            <attribute name="location">
               <replace>http://184.170.237.13:7005/integration/services/TaskQueryService/TaskQueryService?WSDL</replace>
            </attribute>
            <property name="weblogic.wsee.wsat.transaction.flowOption">
               <replace>WSDLDriven</replace>
            </property>
         </binding>
      </reference>
      <reference name="UpdateTaskService">
         <!--Add search and replace rules for the binding properties-->
         <binding type="ws">
            <attribute name="port">
               <replace>http://xmlns.oracle.com/bpel/workflow/taskService#wsdl.endpoint(TaskService/TaskServicePort)</replace>
            </attribute>
            <attribute name="location">
               <replace>http://184.170.237.13:7005/integration/services/TaskService/TaskServicePort?WSDL</replace>
            </attribute>
            <property name="weblogic.wsee.wsat.transaction.flowOption">
               <replace>WSDLDriven</replace>
            </property>
         </binding>
         <binding type="ws">
            <attribute name="port">
               <replace>http://xmlns.oracle.com/bpel/workflow/taskService#wsdl.endpoint(TaskService/TaskServicePortSAML)</replace>
            </attribute>
            <attribute name="location">
               <replace>http://184.170.237.13:7005/integration/services/TaskService/TaskServicePort?WSDL</replace>
            </attribute>
            <property name="weblogic.wsee.wsat.transaction.flowOption">
               <replace>WSDLDriven</replace>
            </property>
         </binding>
      </reference>
      <reference name="dbReference1">
         <property name="jca.retry.count">
            <replace>4</replace>
         </property>
         <property name="jca.retry.interval">
            <replace>1</replace>
         </property>
         <property name="jca.retry.backoff">
            <replace>2</replace>
         </property>
         <property name="jca.retry.maxInterval">
            <replace>120</replace>
         </property>
         <binding type="jca"/>
      </reference>
   </composite>
   <!--To configure monitor.config: 
	<property name="enabled"><replace>true</replace></property>
	<property name="dataObjectsFolder"><searchReplace><search>mydev</search><replace>myproduction</replace></searchReplace></property>
	
	sample properties to configure for adapter: 
	<jca:property name="QueueName"><replace>medmq1</replace></jca:property>
	
	To add search and replace rules for wsdls, xsd and jca files
	Example:
	<searchReplace>
		<search>http://my-dev-server</search>
		<replace>http://my-test-server</replace>
	<searchReplace>
	<searchReplace>
		<search>8888</search>
		<replace>8889</replace>
	<searchReplace>
	-->
   <wsdlAndSchema name="Adapters/dbReference1_db.jca|Schemas/dbReference1_table.xsd|Schemas/singleString.xsd|Schemas/TaskQueryService_XSD_TaskEvidenceService.xsd|Schemas/TaskQueryService_XSD_TaskQuery.xsd|Schemas/TaskQueryService_XSD_TaskQueryService.xsd|Schemas/TaskQueryService_XSD_TaskSequenceChanges.xsd|Schemas/TaskQueryService_XSD_UserMetadata.xsd|Schemas/TaskQueryService_XSD_WorkflowCommon.xsd|Schemas/TaskQueryService_XSD_WorkflowTask.xsd|Schemas/TaskQueryService_XSD_WorkflowTaskError.xsd|Schemas/TaskServicePort_XSD_RoutingSlip.xsd|Schemas/TaskServicePort_XSD_RoutingSlipList.xsd|Schemas/TaskServicePort_XSD_TaskCommand.xsd|Schemas/TaskServicePort_XSD_TaskEvidenceService.xsd|Schemas/TaskServicePort_XSD_TaskQuery.xsd|Schemas/TaskServicePort_XSD_TaskQueryService.xsd|Schemas/TaskServicePort_XSD_TaskSequenceChanges.xsd|Schemas/TaskServicePort_XSD_TaskService.xsd|Schemas/TaskServicePort_XSD_WorkflowCommon.xsd|Schemas/TaskServicePort_XSD_WorkflowTask.xsd|Schemas/TaskServicePort_XSD_WorkflowTaskError.xsd|Schemas/TaxDutyBond.xsd|WSDLs/dbReference1.wsdl|WSDLs/TaskQueryService.wsdl|WSDLs/TaskQueryServiceWrapper.wsdl|WSDLs/TaskQueryService_WSDL_TaskQueryServiceInterface.wsdl|WSDLs/TaskServicePort.wsdl|WSDLs/TaskServicePort_WSDL_TaskServiceInterface.wsdl|WSDLs/UpdateTaskActivityWS.wsdl|WSDLs/UpdateTaskActivityWSWrapper.wsdl">
      <searchReplace>
         <search/>
         <replace/>
      </searchReplace>
   </wsdlAndSchema>
</SOAConfigPlan>
